
> preview
> node scripts/with-app-env.mjs vite preview


 ╭────────── [Build Info] ─────────────╮
 │                                     │
 │  - Build Directory: .vercel/output  │
 │  - Date: 9/2/2026, 6:51:27 PM       │
 │  - Nitro Version: 3.0.260610-beta   │
 │  - Nitro Preset: vercel             │
 │                                     │
 ╰─────────────────────────────────────╯

  ➜  Local:   http://127.0.0.1:8081/

> preview
> node scripts/with-app-env.mjs vite preview


 ╭────────── [Build Info] ─────────────╮
 │                                     │
 │  - Build Directory: .vercel/output  │
 │  - Date: 9/2/2026, 6:52:42 PM       │
 │  - Nitro Version: 3.0.260610-beta   │
 │  - Nitro Preset: vercel             │
 │                                     │
 ╰─────────────────────────────────────╯

  ➜  Local:   http://127.0.0.1:8081/

> preview
> node scripts/with-app-env.mjs vite preview


 ╭────────── [Build Info] ─────────────╮
 │                                     │
 │  - Build Directory: .vercel/output  │
 │  - Date: 9/2/2026, 7:16:58 PM       │
 │  - Nitro Version: 3.0.260610-beta   │
 │  - Nitro Preset: vercel             │
 │                                     │
 ╰─────────────────────────────────────╯

  ➜  Local:   http://127.0.0.1:8081/

> preview
> node scripts/with-app-env.mjs vite preview


 ╭────────── [Build Info] ─────────────╮
 │                                     │
 │  - Build Directory: .vercel/output  │
 │  - Date: 9/2/2026, 7:41:32 PM       │
 │  - Nitro Version: 3.0.260610-beta   │
 │  - Nitro Preset: vercel             │
 │                                     │
 ╰─────────────────────────────────────╯

  ➜  Local:   http://127.0.0.1:8081/

> preview
> node scripts/with-app-env.mjs vite preview


 ╭────────── [Build Info] ─────────────╮
 │                                     │
 │  - Build Directory: .vercel/output  │
 │  - Date: 9/3/2026, 6:03:06 AM       │
 │  - Nitro Version: 3.0.260610-beta   │
 │  - Nitro Preset: vercel             │
 │                                     │
 ╰─────────────────────────────────────╯

  ➜  Local:   http://127.0.0.1:8081/

> preview
> node scripts/with-app-env.mjs vite preview


 ╭────────── [Build Info] ─────────────╮
 │                                     │
 │  - Build Directory: .vercel/output  │
 │  - Date: 9/3/2026, 7:11:18 AM       │
 │  - Nitro Version: 3.0.260610-beta   │
 │  - Nitro Preset: vercel             │
 │                                     │
 ╰─────────────────────────────────────╯

  ➜  Local:   http://127.0.0.1:8081/

> preview
> node scripts/with-app-env.mjs vite preview


 ╭────────── [Build Info] ─────────────╮
 │                                     │
 │  - Build Directory: .vercel/output  │
 │  - Date: 9/3/2026, 8:36:37 AM       │
 │  - Nitro Version: 3.0.260610-beta   │
 │  - Nitro Preset: vercel             │
 │                                     │
 ╰─────────────────────────────────────╯

  ➜  Local:   http://127.0.0.1:8081/

> preview
> node scripts/with-app-env.mjs vite preview


 ╭────────── [Build Info] ─────────────╮
 │                                     │
 │  - Build Directory: .vercel/output  │
 │  - Date: 9/3/2026, 9:05:14 AM       │
 │  - Nitro Version: 3.0.260610-beta   │
 │  - Nitro Preset: vercel             │
 │                                     │
 ╰─────────────────────────────────────╯

  ➜  Local:   http://127.0.0.1:8081/

> preview
> node scripts/with-app-env.mjs vite preview


 ╭────────── [Build Info] ─────────────╮
 │                                     │
 │  - Build Directory: .vercel/output  │
 │  - Date: 9/3/2026, 9:20:47 AM       │
 │  - Nitro Version: 3.0.260610-beta   │
 │  - Nitro Preset: vercel             │
 │                                     │
 ╰─────────────────────────────────────╯

  ➜  Local:   http://127.0.0.1:8081/

> preview
> node scripts/with-app-env.mjs vite preview


 ╭────────── [Build Info] ─────────────╮
 │                                     │
 │  - Build Directory: .vercel/output  │
 │  - Date: 9/3/2026, 10:44:48 AM      │
 │  - Nitro Version: 3.0.260610-beta   │
 │  - Nitro Preset: vercel             │
 │                                     │
 ╰─────────────────────────────────────╯

  ➜  Local:   http://127.0.0.1:8081/

> preview
> node scripts/with-app-env.mjs vite preview


 ╭────────── [Build Info] ─────────────╮
 │                                     │
 │  - Build Directory: .vercel/output  │
 │  - Date: 9/3/2026, 10:54:18 AM      │
 │  - Nitro Version: 3.0.260610-beta   │
 │  - Nitro Preset: vercel             │
 │                                     │
 ╰─────────────────────────────────────╯

  ➜  Local:   http://127.0.0.1:8081/

> preview
> node scripts/with-app-env.mjs vite preview


 ╭────────── [Build Info] ─────────────╮
 │                                     │
 │  - Build Directory: .vercel/output  │
 │  - Date: 9/3/2026, 11:38:02 AM      │
 │  - Nitro Version: 3.0.260610-beta   │
 │  - Nitro Preset: vercel             │
 │                                     │
 ╰─────────────────────────────────────╯

  ➜  Local:   http://127.0.0.1:8081/

> preview
> node scripts/with-app-env.mjs vite preview


 ╭────────── [Build Info] ─────────────╮
 │                                     │
 │  - Build Directory: .vercel/output  │
 │  - Date: 9/3/2026, 12:04:59 PM      │
 │  - Nitro Version: 3.0.260610-beta   │
 │  - Nitro Preset: vercel             │
 │                                     │
 ╰─────────────────────────────────────╯

  ➜  Local:   http://127.0.0.1:8081/

> preview
> node scripts/with-app-env.mjs vite preview


 ╭────────── [Build Info] ─────────────╮
 │                                     │
 │  - Build Directory: .vercel/output  │
 │  - Date: 9/3/2026, 12:24:48 PM      │
 │  - Nitro Version: 3.0.260610-beta   │
 │  - Nitro Preset: vercel             │
 │                                     │
 ╰─────────────────────────────────────╯

  ➜  Local:   http://127.0.0.1:8081/
TypeError: Cannot read properties of undefined (reading '0')
    at file:///workspace/.vercel/output/functions/__server.func/_ssr/router-DC5DHxhE2.mjs:262:11
    ... 8 lines matching cause stack trace ...
    at async loadEntries (file:///workspace/.vercel/output/functions/__server.func/_ssr/ssr.mjs:1380:52) {
  cause: TypeError: Cannot read properties of undefined (reading '0')
      at file:///workspace/.vercel/output/functions/__server.func/_ssr/router-DC5DHxhE2.mjs:262:11
      at createStoreImpl (file:///workspace/.vercel/output/functions/__server.func/_libs/zustand.mjs:28:31)
      at createStore (file:///workspace/.vercel/output/functions/__server.func/_libs/zustand.mjs:31:51)
      at createImpl (file:///workspace/.vercel/output/functions/__server.func/_libs/zustand.mjs:41:14)
      at create (file:///workspace/.vercel/output/functions/__server.func/_libs/zustand.mjs:46:46)
      at file:///workspace/.vercel/output/functions/__server.func/_ssr/router-DC5DHxhE2.mjs:260:20
      at ModuleJob.run (node:internal/modules/esm/module_job:343:25)
      at async onImport.tracePromise.__proto__ (node:internal/modules/esm/loader:681:26)
      at async Promise.all (index 0)
      at async loadEntries (file:///workspace/.vercel/output/functions/__server.func/_ssr/ssr.mjs:1380:52),
  status: 500,
  statusText: undefined,
  headers: undefined,
  data: undefined,
  body: undefined,
  unhandled: true
}
TypeError: Cannot read properties of undefined (reading '0')
    at file:///workspace/.vercel/output/functions/__server.func/_ssr/router-DC5DHxhE2.mjs:262:11
    ... 8 lines matching cause stack trace ...
    at async loadEntries (file:///workspace/.vercel/output/functions/__server.func/_ssr/ssr.mjs:1380:52) {
  cause: TypeError: Cannot read properties of undefined (reading '0')
      at file:///workspace/.vercel/output/functions/__server.func/_ssr/router-DC5DHxhE2.mjs:262:11
      at createStoreImpl (file:///workspace/.vercel/output/functions/__server.func/_libs/zustand.mjs:28:31)
      at createStore (file:///workspace/.vercel/output/functions/__server.func/_libs/zustand.mjs:31:51)
      at createImpl (file:///workspace/.vercel/output/functions/__server.func/_libs/zustand.mjs:41:14)
      at create (file:///workspace/.vercel/output/functions/__server.func/_libs/zustand.mjs:46:46)
      at file:///workspace/.vercel/output/functions/__server.func/_ssr/router-DC5DHxhE2.mjs:260:20
      at ModuleJob.run (node:internal/modules/esm/module_job:343:25)
      at async onImport.tracePromise.__proto__ (node:internal/modules/esm/loader:681:26)
      at async Promise.all (index 0)
      at async loadEntries (file:///workspace/.vercel/output/functions/__server.func/_ssr/ssr.mjs:1380:52),
  status: 500,
  statusText: undefined,
  headers: undefined,
  data: undefined,
  body: undefined,
  unhandled: true
}
TypeError: Cannot read properties of undefined (reading '0')
    at file:///workspace/.vercel/output/functions/__server.func/_ssr/router-DC5DHxhE2.mjs:262:11
    ... 8 lines matching cause stack trace ...
    at async loadEntries (file:///workspace/.vercel/output/functions/__server.func/_ssr/ssr.mjs:1380:52) {
  cause: TypeError: Cannot read properties of undefined (reading '0')
      at file:///workspace/.vercel/output/functions/__server.func/_ssr/router-DC5DHxhE2.mjs:262:11
      at createStoreImpl (file:///workspace/.vercel/output/functions/__server.func/_libs/zustand.mjs:28:31)
      at createStore (file:///workspace/.vercel/output/functions/__server.func/_libs/zustand.mjs:31:51)
      at createImpl (file:///workspace/.vercel/output/functions/__server.func/_libs/zustand.mjs:41:14)
      at create (file:///workspace/.vercel/output/functions/__server.func/_libs/zustand.mjs:46:46)
      at file:///workspace/.vercel/output/functions/__server.func/_ssr/router-DC5DHxhE2.mjs:260:20
      at ModuleJob.run (node:internal/modules/esm/module_job:343:25)
      at async onImport.tracePromise.__proto__ (node:internal/modules/esm/loader:681:26)
      at async Promise.all (index 0)
      at async loadEntries (file:///workspace/.vercel/output/functions/__server.func/_ssr/ssr.mjs:1380:52),
  status: 500,
  statusText: undefined,
  headers: undefined,
  data: undefined,
  body: undefined,
  unhandled: true
}
TypeError: Cannot read properties of undefined (reading '0')
    at file:///workspace/.vercel/output/functions/__server.func/_ssr/router-DC5DHxhE2.mjs:262:11
    ... 8 lines matching cause stack trace ...
    at async loadEntries (file:///workspace/.vercel/output/functions/__server.func/_ssr/ssr.mjs:1380:52) {
  cause: TypeError: Cannot read properties of undefined (reading '0')
      at file:///workspace/.vercel/output/functions/__server.func/_ssr/router-DC5DHxhE2.mjs:262:11
      at createStoreImpl (file:///workspace/.vercel/output/functions/__server.func/_libs/zustand.mjs:28:31)
      at createStore (file:///workspace/.vercel/output/functions/__server.func/_libs/zustand.mjs:31:51)
      at createImpl (file:///workspace/.vercel/output/functions/__server.func/_libs/zustand.mjs:41:14)
      at create (file:///workspace/.vercel/output/functions/__server.func/_libs/zustand.mjs:46:46)
      at file:///workspace/.vercel/output/functions/__server.func/_ssr/router-DC5DHxhE2.mjs:260:20
      at ModuleJob.run (node:internal/modules/esm/module_job:343:25)
      at async onImport.tracePromise.__proto__ (node:internal/modules/esm/loader:681:26)
      at async Promise.all (index 0)
      at async loadEntries (file:///workspace/.vercel/output/functions/__server.func/_ssr/ssr.mjs:1380:52),
  status: 500,
  statusText: undefined,
  headers: undefined,
  data: undefined,
  body: undefined,
  unhandled: true
}
TypeError: Cannot read properties of undefined (reading '0')
    at file:///workspace/.vercel/output/functions/__server.func/_ssr/router-DC5DHxhE2.mjs:262:11
    ... 8 lines matching cause stack trace ...
    at async loadEntries (file:///workspace/.vercel/output/functions/__server.func/_ssr/ssr.mjs:1380:52) {
  cause: TypeError: Cannot read properties of undefined (reading '0')
      at file:///workspace/.vercel/output/functions/__server.func/_ssr/router-DC5DHxhE2.mjs:262:11
      at createStoreImpl (file:///workspace/.vercel/output/functions/__server.func/_libs/zustand.mjs:28:31)
      at createStore (file:///workspace/.vercel/output/functions/__server.func/_libs/zustand.mjs:31:51)
      at createImpl (file:///workspace/.vercel/output/functions/__server.func/_libs/zustand.mjs:41:14)
      at create (file:///workspace/.vercel/output/functions/__server.func/_libs/zustand.mjs:46:46)
      at file:///workspace/.vercel/output/functions/__server.func/_ssr/router-DC5DHxhE2.mjs:260:20
      at ModuleJob.run (node:internal/modules/esm/module_job:343:25)
      at async onImport.tracePromise.__proto__ (node:internal/modules/esm/loader:681:26)
      at async Promise.all (index 0)
      at async loadEntries (file:///workspace/.vercel/output/functions/__server.func/_ssr/ssr.mjs:1380:52),
  status: 500,
  statusText: undefined,
  headers: undefined,
  data: undefined,
  body: undefined,
  unhandled: true
}
TypeError: Cannot read properties of undefined (reading '0')
    at file:///workspace/.vercel/output/functions/__server.func/_ssr/router-DC5DHxhE2.mjs:262:11
    ... 8 lines matching cause stack trace ...
    at async loadEntries (file:///workspace/.vercel/output/functions/__server.func/_ssr/ssr.mjs:1380:52) {
  cause: TypeError: Cannot read properties of undefined (reading '0')
      at file:///workspace/.vercel/output/functions/__server.func/_ssr/router-DC5DHxhE2.mjs:262:11
      at createStoreImpl (file:///workspace/.vercel/output/functions/__server.func/_libs/zustand.mjs:28:31)
      at createStore (file:///workspace/.vercel/output/functions/__server.func/_libs/zustand.mjs:31:51)
      at createImpl (file:///workspace/.vercel/output/functions/__server.func/_libs/zustand.mjs:41:14)
      at create (file:///workspace/.vercel/output/functions/__server.func/_libs/zustand.mjs:46:46)
      at file:///workspace/.vercel/output/functions/__server.func/_ssr/router-DC5DHxhE2.mjs:260:20
      at ModuleJob.run (node:internal/modules/esm/module_job:343:25)
      at async onImport.tracePromise.__proto__ (node:internal/modules/esm/loader:681:26)
      at async Promise.all (index 0)
      at async loadEntries (file:///workspace/.vercel/output/functions/__server.func/_ssr/ssr.mjs:1380:52),
  status: 500,
  statusText: undefined,
  headers: undefined,
  data: undefined,
  body: undefined,
  unhandled: true
}
TypeError: Cannot read properties of undefined (reading '0')
    at file:///workspace/.vercel/output/functions/__server.func/_ssr/router-DC5DHxhE2.mjs:262:11
    ... 8 lines matching cause stack trace ...
    at async loadEntries (file:///workspace/.vercel/output/functions/__server.func/_ssr/ssr.mjs:1380:52) {
  cause: TypeError: Cannot read properties of undefined (reading '0')
      at file:///workspace/.vercel/output/functions/__server.func/_ssr/router-DC5DHxhE2.mjs:262:11
      at createStoreImpl (file:///workspace/.vercel/output/functions/__server.func/_libs/zustand.mjs:28:31)
      at createStore (file:///workspace/.vercel/output/functions/__server.func/_libs/zustand.mjs:31:51)
      at createImpl (file:///workspace/.vercel/output/functions/__server.func/_libs/zustand.mjs:41:14)
      at create (file:///workspace/.vercel/output/functions/__server.func/_libs/zustand.mjs:46:46)
      at file:///workspace/.vercel/output/functions/__server.func/_ssr/router-DC5DHxhE2.mjs:260:20
      at ModuleJob.run (node:internal/modules/esm/module_job:343:25)
      at async onImport.tracePromise.__proto__ (node:internal/modules/esm/loader:681:26)
      at async Promise.all (index 0)
      at async loadEntries (file:///workspace/.vercel/output/functions/__server.func/_ssr/ssr.mjs:1380:52),
  status: 500,
  statusText: undefined,
  headers: undefined,
  data: undefined,
  body: undefined,
  unhandled: true
}
TypeError: Cannot read properties of undefined (reading '0')
    at file:///workspace/.vercel/output/functions/__server.func/_ssr/router-DC5DHxhE2.mjs:262:11
    ... 8 lines matching cause stack trace ...
    at async loadEntries (file:///workspace/.vercel/output/functions/__server.func/_ssr/ssr.mjs:1380:52) {
  cause: TypeError: Cannot read properties of undefined (reading '0')
      at file:///workspace/.vercel/output/functions/__server.func/_ssr/router-DC5DHxhE2.mjs:262:11
      at createStoreImpl (file:///workspace/.vercel/output/functions/__server.func/_libs/zustand.mjs:28:31)
      at createStore (file:///workspace/.vercel/output/functions/__server.func/_libs/zustand.mjs:31:51)
      at createImpl (file:///workspace/.vercel/output/functions/__server.func/_libs/zustand.mjs:41:14)
      at create (file:///workspace/.vercel/output/functions/__server.func/_libs/zustand.mjs:46:46)
      at file:///workspace/.vercel/output/functions/__server.func/_ssr/router-DC5DHxhE2.mjs:260:20
      at ModuleJob.run (node:internal/modules/esm/module_job:343:25)
      at async onImport.tracePromise.__proto__ (node:internal/modules/esm/loader:681:26)
      at async Promise.all (index 0)
      at async loadEntries (file:///workspace/.vercel/output/functions/__server.func/_ssr/ssr.mjs:1380:52),
  status: 500,
  statusText: undefined,
  headers: undefined,
  data: undefined,
  body: undefined,
  unhandled: true
}
TypeError: Cannot read properties of undefined (reading '0')
    at file:///workspace/.vercel/output/functions/__server.func/_ssr/router-DC5DHxhE2.mjs:262:11
    ... 8 lines matching cause stack trace ...
    at async loadEntries (file:///workspace/.vercel/output/functions/__server.func/_ssr/ssr.mjs:1380:52) {
  cause: TypeError: Cannot read properties of undefined (reading '0')
      at file:///workspace/.vercel/output/functions/__server.func/_ssr/router-DC5DHxhE2.mjs:262:11
      at createStoreImpl (file:///workspace/.vercel/output/functions/__server.func/_libs/zustand.mjs:28:31)
      at createStore (file:///workspace/.vercel/output/functions/__server.func/_libs/zustand.mjs:31:51)
      at createImpl (file:///workspace/.vercel/output/functions/__server.func/_libs/zustand.mjs:41:14)
      at create (file:///workspace/.vercel/output/functions/__server.func/_libs/zustand.mjs:46:46)
      at file:///workspace/.vercel/output/functions/__server.func/_ssr/router-DC5DHxhE2.mjs:260:20
      at ModuleJob.run (node:internal/modules/esm/module_job:343:25)
      at async onImport.tracePromise.__proto__ (node:internal/modules/esm/loader:681:26)
      at async Promise.all (index 0)
      at async loadEntries (file:///workspace/.vercel/output/functions/__server.func/_ssr/ssr.mjs:1380:52),
  status: 500,
  statusText: undefined,
  headers: undefined,
  data: undefined,
  body: undefined,
  unhandled: true
}
TypeError: Cannot read properties of undefined (reading '0')
    at file:///workspace/.vercel/output/functions/__server.func/_ssr/router-DC5DHxhE2.mjs:262:11
    ... 8 lines matching cause stack trace ...
    at async loadEntries (file:///workspace/.vercel/output/functions/__server.func/_ssr/ssr.mjs:1380:52) {
  cause: TypeError: Cannot read properties of undefined (reading '0')
      at file:///workspace/.vercel/output/functions/__server.func/_ssr/router-DC5DHxhE2.mjs:262:11
      at createStoreImpl (file:///workspace/.vercel/output/functions/__server.func/_libs/zustand.mjs:28:31)
      at createStore (file:///workspace/.vercel/output/functions/__server.func/_libs/zustand.mjs:31:51)
      at createImpl (file:///workspace/.vercel/output/functions/__server.func/_libs/zustand.mjs:41:14)
      at create (file:///workspace/.vercel/output/functions/__server.func/_libs/zustand.mjs:46:46)
      at file:///workspace/.vercel/output/functions/__server.func/_ssr/router-DC5DHxhE2.mjs:260:20
      at ModuleJob.run (node:internal/modules/esm/module_job:343:25)
      at async onImport.tracePromise.__proto__ (node:internal/modules/esm/loader:681:26)
      at async Promise.all (index 0)
      at async loadEntries (file:///workspace/.vercel/output/functions/__server.func/_ssr/ssr.mjs:1380:52),
  status: 500,
  statusText: undefined,
  headers: undefined,
  data: undefined,
  body: undefined,
  unhandled: true
}
TypeError: Cannot read properties of undefined (reading '0')
    at file:///workspace/.vercel/output/functions/__server.func/_ssr/router-DC5DHxhE2.mjs:262:11
    ... 8 lines matching cause stack trace ...
    at async loadEntries (file:///workspace/.vercel/output/functions/__server.func/_ssr/ssr.mjs:1380:52) {
  cause: TypeError: Cannot read properties of undefined (reading '0')
      at file:///workspace/.vercel/output/functions/__server.func/_ssr/router-DC5DHxhE2.mjs:262:11
      at createStoreImpl (file:///workspace/.vercel/output/functions/__server.func/_libs/zustand.mjs:28:31)
      at createStore (file:///workspace/.vercel/output/functions/__server.func/_libs/zustand.mjs:31:51)
      at createImpl (file:///workspace/.vercel/output/functions/__server.func/_libs/zustand.mjs:41:14)
      at create (file:///workspace/.vercel/output/functions/__server.func/_libs/zustand.mjs:46:46)
      at file:///workspace/.vercel/output/functions/__server.func/_ssr/router-DC5DHxhE2.mjs:260:20
      at ModuleJob.run (node:internal/modules/esm/module_job:343:25)
      at async onImport.tracePromise.__proto__ (node:internal/modules/esm/loader:681:26)
      at async Promise.all (index 0)
      at async loadEntries (file:///workspace/.vercel/output/functions/__server.func/_ssr/ssr.mjs:1380:52),
  status: 500,
  statusText: undefined,
  headers: undefined,
  data: undefined,
  body: undefined,
  unhandled: true
}
TypeError: Cannot read properties of undefined (reading '0')
    at file:///workspace/.vercel/output/functions/__server.func/_ssr/router-DC5DHxhE2.mjs:262:11
    ... 8 lines matching cause stack trace ...
    at async loadEntries (file:///workspace/.vercel/output/functions/__server.func/_ssr/ssr.mjs:1380:52) {
  cause: TypeError: Cannot read properties of undefined (reading '0')
      at file:///workspace/.vercel/output/functions/__server.func/_ssr/router-DC5DHxhE2.mjs:262:11
      at createStoreImpl (file:///workspace/.vercel/output/functions/__server.func/_libs/zustand.mjs:28:31)
      at createStore (file:///workspace/.vercel/output/functions/__server.func/_libs/zustand.mjs:31:51)
      at createImpl (file:///workspace/.vercel/output/functions/__server.func/_libs/zustand.mjs:41:14)
      at create (file:///workspace/.vercel/output/functions/__server.func/_libs/zustand.mjs:46:46)
      at file:///workspace/.vercel/output/functions/__server.func/_ssr/router-DC5DHxhE2.mjs:260:20
      at ModuleJob.run (node:internal/modules/esm/module_job:343:25)
      at async onImport.tracePromise.__proto__ (node:internal/modules/esm/loader:681:26)
      at async Promise.all (index 0)
      at async loadEntries (file:///workspace/.vercel/output/functions/__server.func/_ssr/ssr.mjs:1380:52),
  status: 500,
  statusText: undefined,
  headers: undefined,
  data: undefined,
  body: undefined,
  unhandled: true
}
TypeError: Cannot read properties of undefined (reading '0')
    at file:///workspace/.vercel/output/functions/__server.func/_ssr/router-DC5DHxhE2.mjs:262:11
    ... 8 lines matching cause stack trace ...
    at async loadEntries (file:///workspace/.vercel/output/functions/__server.func/_ssr/ssr.mjs:1380:52) {
  cause: TypeError: Cannot read properties of undefined (reading '0')
      at file:///workspace/.vercel/output/functions/__server.func/_ssr/router-DC5DHxhE2.mjs:262:11
      at createStoreImpl (file:///workspace/.vercel/output/functions/__server.func/_libs/zustand.mjs:28:31)
      at createStore (file:///workspace/.vercel/output/functions/__server.func/_libs/zustand.mjs:31:51)
      at createImpl (file:///workspace/.vercel/output/functions/__server.func/_libs/zustand.mjs:41:14)
      at create (file:///workspace/.vercel/output/functions/__server.func/_libs/zustand.mjs:46:46)
      at file:///workspace/.vercel/output/functions/__server.func/_ssr/router-DC5DHxhE2.mjs:260:20
      at ModuleJob.run (node:internal/modules/esm/module_job:343:25)
      at async onImport.tracePromise.__proto__ (node:internal/modules/esm/loader:681:26)
      at async Promise.all (index 0)
      at async loadEntries (file:///workspace/.vercel/output/functions/__server.func/_ssr/ssr.mjs:1380:52),
  status: 500,
  statusText: undefined,
  headers: undefined,
  data: undefined,
  body: undefined,
  unhandled: true
}
TypeError: Cannot read properties of undefined (reading '0')
    at file:///workspace/.vercel/output/functions/__server.func/_ssr/router-DC5DHxhE2.mjs:262:11
    ... 8 lines matching cause stack trace ...
    at async loadEntries (file:///workspace/.vercel/output/functions/__server.func/_ssr/ssr.mjs:1380:52) {
  cause: TypeError: Cannot read properties of undefined (reading '0')
      at file:///workspace/.vercel/output/functions/__server.func/_ssr/router-DC5DHxhE2.mjs:262:11
      at createStoreImpl (file:///workspace/.vercel/output/functions/__server.func/_libs/zustand.mjs:28:31)
      at createStore (file:///workspace/.vercel/output/functions/__server.func/_libs/zustand.mjs:31:51)
      at createImpl (file:///workspace/.vercel/output/functions/__server.func/_libs/zustand.mjs:41:14)
      at create (file:///workspace/.vercel/output/functions/__server.func/_libs/zustand.mjs:46:46)
      at file:///workspace/.vercel/output/functions/__server.func/_ssr/router-DC5DHxhE2.mjs:260:20
      at ModuleJob.run (node:internal/modules/esm/module_job:343:25)
      at async onImport.tracePromise.__proto__ (node:internal/modules/esm/loader:681:26)
      at async Promise.all (index 0)
      at async loadEntries (file:///workspace/.vercel/output/functions/__server.func/_ssr/ssr.mjs:1380:52),
  status: 500,
  statusText: undefined,
  headers: undefined,
  data: undefined,
  body: undefined,
  unhandled: true
}
TypeError: Cannot read properties of undefined (reading '0')
    at file:///workspace/.vercel/output/functions/__server.func/_ssr/router-DC5DHxhE2.mjs:262:11
    ... 8 lines matching cause stack trace ...
    at async loadEntries (file:///workspace/.vercel/output/functions/__server.func/_ssr/ssr.mjs:1380:52) {
  cause: TypeError: Cannot read properties of undefined (reading '0')
      at file:///workspace/.vercel/output/functions/__server.func/_ssr/router-DC5DHxhE2.mjs:262:11
      at createStoreImpl (file:///workspace/.vercel/output/functions/__server.func/_libs/zustand.mjs:28:31)
      at createStore (file:///workspace/.vercel/output/functions/__server.func/_libs/zustand.mjs:31:51)
      at createImpl (file:///workspace/.vercel/output/functions/__server.func/_libs/zustand.mjs:41:14)
      at create (file:///workspace/.vercel/output/functions/__server.func/_libs/zustand.mjs:46:46)
      at file:///workspace/.vercel/output/functions/__server.func/_ssr/router-DC5DHxhE2.mjs:260:20
      at ModuleJob.run (node:internal/modules/esm/module_job:343:25)
      at async onImport.tracePromise.__proto__ (node:internal/modules/esm/loader:681:26)
      at async Promise.all (index 0)
      at async loadEntries (file:///workspace/.vercel/output/functions/__server.func/_ssr/ssr.mjs:1380:52),
  status: 500,
  statusText: undefined,
  headers: undefined,
  data: undefined,
  body: undefined,
  unhandled: true
}
TypeError: Cannot read properties of undefined (reading '0')
    at file:///workspace/.vercel/output/functions/__server.func/_ssr/router-DC5DHxhE2.mjs:262:11
    ... 8 lines matching cause stack trace ...
    at async loadEntries (file:///workspace/.vercel/output/functions/__server.func/_ssr/ssr.mjs:1380:52) {
  cause: TypeError: Cannot read properties of undefined (reading '0')
      at file:///workspace/.vercel/output/functions/__server.func/_ssr/router-DC5DHxhE2.mjs:262:11
      at createStoreImpl (file:///workspace/.vercel/output/functions/__server.func/_libs/zustand.mjs:28:31)
      at createStore (file:///workspace/.vercel/output/functions/__server.func/_libs/zustand.mjs:31:51)
      at createImpl (file:///workspace/.vercel/output/functions/__server.func/_libs/zustand.mjs:41:14)
      at create (file:///workspace/.vercel/output/functions/__server.func/_libs/zustand.mjs:46:46)
      at file:///workspace/.vercel/output/functions/__server.func/_ssr/router-DC5DHxhE2.mjs:260:20
      at ModuleJob.run (node:internal/modules/esm/module_job:343:25)
      at async onImport.tracePromise.__proto__ (node:internal/modules/esm/loader:681:26)
      at async Promise.all (index 0)
      at async loadEntries (file:///workspace/.vercel/output/functions/__server.func/_ssr/ssr.mjs:1380:52),
  status: 500,
  statusText: undefined,
  headers: undefined,
  data: undefined,
  body: undefined,
  unhandled: true
}
TypeError: Cannot read properties of undefined (reading '0')
    at file:///workspace/.vercel/output/functions/__server.func/_ssr/router-DC5DHxhE2.mjs:262:11
    ... 8 lines matching cause stack trace ...
    at async loadEntries (file:///workspace/.vercel/output/functions/__server.func/_ssr/ssr.mjs:1380:52) {
  cause: TypeError: Cannot read properties of undefined (reading '0')
      at file:///workspace/.vercel/output/functions/__server.func/_ssr/router-DC5DHxhE2.mjs:262:11
      at createStoreImpl (file:///workspace/.vercel/output/functions/__server.func/_libs/zustand.mjs:28:31)
      at createStore (file:///workspace/.vercel/output/functions/__server.func/_libs/zustand.mjs:31:51)
      at createImpl (file:///workspace/.vercel/output/functions/__server.func/_libs/zustand.mjs:41:14)
      at create (file:///workspace/.vercel/output/functions/__server.func/_libs/zustand.mjs:46:46)
      at file:///workspace/.vercel/output/functions/__server.func/_ssr/router-DC5DHxhE2.mjs:260:20
      at ModuleJob.run (node:internal/modules/esm/module_job:343:25)
      at async onImport.tracePromise.__proto__ (node:internal/modules/esm/loader:681:26)
      at async Promise.all (index 0)
      at async loadEntries (file:///workspace/.vercel/output/functions/__server.func/_ssr/ssr.mjs:1380:52),
  status: 500,
  statusText: undefined,
  headers: undefined,
  data: undefined,
  body: undefined,
  unhandled: true
}
TypeError: Cannot read properties of undefined (reading '0')
    at file:///workspace/.vercel/output/functions/__server.func/_ssr/router-DC5DHxhE2.mjs:262:11
    ... 8 lines matching cause stack trace ...
    at async loadEntries (file:///workspace/.vercel/output/functions/__server.func/_ssr/ssr.mjs:1380:52) {
  cause: TypeError: Cannot read properties of undefined (reading '0')
      at file:///workspace/.vercel/output/functions/__server.func/_ssr/router-DC5DHxhE2.mjs:262:11
      at createStoreImpl (file:///workspace/.vercel/output/functions/__server.func/_libs/zustand.mjs:28:31)
      at createStore (file:///workspace/.vercel/output/functions/__server.func/_libs/zustand.mjs:31:51)
      at createImpl (file:///workspace/.vercel/output/functions/__server.func/_libs/zustand.mjs:41:14)
      at create (file:///workspace/.vercel/output/functions/__server.func/_libs/zustand.mjs:46:46)
      at file:///workspace/.vercel/output/functions/__server.func/_ssr/router-DC5DHxhE2.mjs:260:20
      at ModuleJob.run (node:internal/modules/esm/module_job:343:25)
      at async onImport.tracePromise.__proto__ (node:internal/modules/esm/loader:681:26)
      at async Promise.all (index 0)
      at async loadEntries (file:///workspace/.vercel/output/functions/__server.func/_ssr/ssr.mjs:1380:52),
  status: 500,
  statusText: undefined,
  headers: undefined,
  data: undefined,
  body: undefined,
  unhandled: true
}
TypeError: Cannot read properties of undefined (reading '0')
    at file:///workspace/.vercel/output/functions/__server.func/_ssr/router-DC5DHxhE2.mjs:262:11
    ... 8 lines matching cause stack trace ...
    at async loadEntries (file:///workspace/.vercel/output/functions/__server.func/_ssr/ssr.mjs:1380:52) {
  cause: TypeError: Cannot read properties of undefined (reading '0')
      at file:///workspace/.vercel/output/functions/__server.func/_ssr/router-DC5DHxhE2.mjs:262:11
      at createStoreImpl (file:///workspace/.vercel/output/functions/__server.func/_libs/zustand.mjs:28:31)
      at createStore (file:///workspace/.vercel/output/functions/__server.func/_libs/zustand.mjs:31:51)
      at createImpl (file:///workspace/.vercel/output/functions/__server.func/_libs/zustand.mjs:41:14)
      at create (file:///workspace/.vercel/output/functions/__server.func/_libs/zustand.mjs:46:46)
      at file:///workspace/.vercel/output/functions/__server.func/_ssr/router-DC5DHxhE2.mjs:260:20
      at ModuleJob.run (node:internal/modules/esm/module_job:343:25)
      at async onImport.tracePromise.__proto__ (node:internal/modules/esm/loader:681:26)
      at async Promise.all (index 0)
      at async loadEntries (file:///workspace/.vercel/output/functions/__server.func/_ssr/ssr.mjs:1380:52),
  status: 500,
  statusText: undefined,
  headers: undefined,
  data: undefined,
  body: undefined,
  unhandled: true
}
TypeError: Cannot read properties of undefined (reading '0')
    at file:///workspace/.vercel/output/functions/__server.func/_ssr/router-DC5DHxhE2.mjs:262:11
    ... 8 lines matching cause stack trace ...
    at async loadEntries (file:///workspace/.vercel/output/functions/__server.func/_ssr/ssr.mjs:1380:52) {
  cause: TypeError: Cannot read properties of undefined (reading '0')
      at file:///workspace/.vercel/output/functions/__server.func/_ssr/router-DC5DHxhE2.mjs:262:11
      at createStoreImpl (file:///workspace/.vercel/output/functions/__server.func/_libs/zustand.mjs:28:31)
      at createStore (file:///workspace/.vercel/output/functions/__server.func/_libs/zustand.mjs:31:51)
      at createImpl (file:///workspace/.vercel/output/functions/__server.func/_libs/zustand.mjs:41:14)
      at create (file:///workspace/.vercel/output/functions/__server.func/_libs/zustand.mjs:46:46)
      at file:///workspace/.vercel/output/functions/__server.func/_ssr/router-DC5DHxhE2.mjs:260:20
      at ModuleJob.run (node:internal/modules/esm/module_job:343:25)
      at async onImport.tracePromise.__proto__ (node:internal/modules/esm/loader:681:26)
      at async Promise.all (index 0)
      at async loadEntries (file:///workspace/.vercel/output/functions/__server.func/_ssr/ssr.mjs:1380:52),
  status: 500,
  statusText: undefined,
  headers: undefined,
  data: undefined,
  body: undefined,
  unhandled: true
}
TypeError: Cannot read properties of undefined (reading '0')
    at file:///workspace/.vercel/output/functions/__server.func/_ssr/router-DC5DHxhE2.mjs:262:11
    ... 8 lines matching cause stack trace ...
    at async loadEntries (file:///workspace/.vercel/output/functions/__server.func/_ssr/ssr.mjs:1380:52) {
  cause: TypeError: Cannot read properties of undefined (reading '0')
      at file:///workspace/.vercel/output/functions/__server.func/_ssr/router-DC5DHxhE2.mjs:262:11
      at createStoreImpl (file:///workspace/.vercel/output/functions/__server.func/_libs/zustand.mjs:28:31)
      at createStore (file:///workspace/.vercel/output/functions/__server.func/_libs/zustand.mjs:31:51)
      at createImpl (file:///workspace/.vercel/output/functions/__server.func/_libs/zustand.mjs:41:14)
      at create (file:///workspace/.vercel/output/functions/__server.func/_libs/zustand.mjs:46:46)
      at file:///workspace/.vercel/output/functions/__server.func/_ssr/router-DC5DHxhE2.mjs:260:20
      at ModuleJob.run (node:internal/modules/esm/module_job:343:25)
      at async onImport.tracePromise.__proto__ (node:internal/modules/esm/loader:681:26)
      at async Promise.all (index 0)
      at async loadEntries (file:///workspace/.vercel/output/functions/__server.func/_ssr/ssr.mjs:1380:52),
  status: 500,
  statusText: undefined,
  headers: undefined,
  data: undefined,
  body: undefined,
  unhandled: true
}
TypeError: Cannot read properties of undefined (reading '0')
    at file:///workspace/.vercel/output/functions/__server.func/_ssr/router-DC5DHxhE2.mjs:262:11
    ... 8 lines matching cause stack trace ...
    at async loadEntries (file:///workspace/.vercel/output/functions/__server.func/_ssr/ssr.mjs:1380:52) {
  cause: TypeError: Cannot read properties of undefined (reading '0')
      at file:///workspace/.vercel/output/functions/__server.func/_ssr/router-DC5DHxhE2.mjs:262:11
      at createStoreImpl (file:///workspace/.vercel/output/functions/__server.func/_libs/zustand.mjs:28:31)
      at createStore (file:///workspace/.vercel/output/functions/__server.func/_libs/zustand.mjs:31:51)
      at createImpl (file:///workspace/.vercel/output/functions/__server.func/_libs/zustand.mjs:41:14)
      at create (file:///workspace/.vercel/output/functions/__server.func/_libs/zustand.mjs:46:46)
      at file:///workspace/.vercel/output/functions/__server.func/_ssr/router-DC5DHxhE2.mjs:260:20
      at ModuleJob.run (node:internal/modules/esm/module_job:343:25)
      at async onImport.tracePromise.__proto__ (node:internal/modules/esm/loader:681:26)
      at async Promise.all (index 0)
      at async loadEntries (file:///workspace/.vercel/output/functions/__server.func/_ssr/ssr.mjs:1380:52),
  status: 500,
  statusText: undefined,
  headers: undefined,
  data: undefined,
  body: undefined,
  unhandled: true
}
TypeError: Cannot read properties of undefined (reading '0')
    at file:///workspace/.vercel/output/functions/__server.func/_ssr/router-DC5DHxhE2.mjs:262:11
    ... 8 lines matching cause stack trace ...
    at async loadEntries (file:///workspace/.vercel/output/functions/__server.func/_ssr/ssr.mjs:1380:52) {
  cause: TypeError: Cannot read properties of undefined (reading '0')
      at file:///workspace/.vercel/output/functions/__server.func/_ssr/router-DC5DHxhE2.mjs:262:11
      at createStoreImpl (file:///workspace/.vercel/output/functions/__server.func/_libs/zustand.mjs:28:31)
      at createStore (file:///workspace/.vercel/output/functions/__server.func/_libs/zustand.mjs:31:51)
      at createImpl (file:///workspace/.vercel/output/functions/__server.func/_libs/zustand.mjs:41:14)
      at create (file:///workspace/.vercel/output/functions/__server.func/_libs/zustand.mjs:46:46)
      at file:///workspace/.vercel/output/functions/__server.func/_ssr/router-DC5DHxhE2.mjs:260:20
      at ModuleJob.run (node:internal/modules/esm/module_job:343:25)
      at async onImport.tracePromise.__proto__ (node:internal/modules/esm/loader:681:26)
      at async Promise.all (index 0)
      at async loadEntries (file:///workspace/.vercel/output/functions/__server.func/_ssr/ssr.mjs:1380:52),
  status: 500,
  statusText: undefined,
  headers: undefined,
  data: undefined,
  body: undefined,
  unhandled: true
}
TypeError: Cannot read properties of undefined (reading '0')
    at file:///workspace/.vercel/output/functions/__server.func/_ssr/router-DC5DHxhE2.mjs:262:11
    ... 8 lines matching cause stack trace ...
    at async loadEntries (file:///workspace/.vercel/output/functions/__server.func/_ssr/ssr.mjs:1380:52) {
  cause: TypeError: Cannot read properties of undefined (reading '0')
      at file:///workspace/.vercel/output/functions/__server.func/_ssr/router-DC5DHxhE2.mjs:262:11
      at createStoreImpl (file:///workspace/.vercel/output/functions/__server.func/_libs/zustand.mjs:28:31)
      at createStore (file:///workspace/.vercel/output/functions/__server.func/_libs/zustand.mjs:31:51)
      at createImpl (file:///workspace/.vercel/output/functions/__server.func/_libs/zustand.mjs:41:14)
      at create (file:///workspace/.vercel/output/functions/__server.func/_libs/zustand.mjs:46:46)
      at file:///workspace/.vercel/output/functions/__server.func/_ssr/router-DC5DHxhE2.mjs:260:20
      at ModuleJob.run (node:internal/modules/esm/module_job:343:25)
      at async onImport.tracePromise.__proto__ (node:internal/modules/esm/loader:681:26)
      at async Promise.all (index 0)
      at async loadEntries (file:///workspace/.vercel/output/functions/__server.func/_ssr/ssr.mjs:1380:52),
  status: 500,
  statusText: undefined,
  headers: undefined,
  data: undefined,
  body: undefined,
  unhandled: true
}
TypeError: Cannot read properties of undefined (reading '0')
    at file:///workspace/.vercel/output/functions/__server.func/_ssr/router-DC5DHxhE2.mjs:262:11
    ... 8 lines matching cause stack trace ...
    at async loadEntries (file:///workspace/.vercel/output/functions/__server.func/_ssr/ssr.mjs:1380:52) {
  cause: TypeError: Cannot read properties of undefined (reading '0')
      at file:///workspace/.vercel/output/functions/__server.func/_ssr/router-DC5DHxhE2.mjs:262:11
      at createStoreImpl (file:///workspace/.vercel/output/functions/__server.func/_libs/zustand.mjs:28:31)
      at createStore (file:///workspace/.vercel/output/functions/__server.func/_libs/zustand.mjs:31:51)
      at createImpl (file:///workspace/.vercel/output/functions/__server.func/_libs/zustand.mjs:41:14)
      at create (file:///workspace/.vercel/output/functions/__server.func/_libs/zustand.mjs:46:46)
      at file:///workspace/.vercel/output/functions/__server.func/_ssr/router-DC5DHxhE2.mjs:260:20
      at ModuleJob.run (node:internal/modules/esm/module_job:343:25)
      at async onImport.tracePromise.__proto__ (node:internal/modules/esm/loader:681:26)
      at async Promise.all (index 0)
      at async loadEntries (file:///workspace/.vercel/output/functions/__server.func/_ssr/ssr.mjs:1380:52),
  status: 500,
  statusText: undefined,
  headers: undefined,
  data: undefined,
  body: undefined,
  unhandled: true
}
TypeError: Cannot read properties of undefined (reading '0')
    at file:///workspace/.vercel/output/functions/__server.func/_ssr/router-DC5DHxhE2.mjs:262:11
    ... 8 lines matching cause stack trace ...
    at async loadEntries (file:///workspace/.vercel/output/functions/__server.func/_ssr/ssr.mjs:1380:52) {
  cause: TypeError: Cannot read properties of undefined (reading '0')
      at file:///workspace/.vercel/output/functions/__server.func/_ssr/router-DC5DHxhE2.mjs:262:11
      at createStoreImpl (file:///workspace/.vercel/output/functions/__server.func/_libs/zustand.mjs:28:31)
      at createStore (file:///workspace/.vercel/output/functions/__server.func/_libs/zustand.mjs:31:51)
      at createImpl (file:///workspace/.vercel/output/functions/__server.func/_libs/zustand.mjs:41:14)
      at create (file:///workspace/.vercel/output/functions/__server.func/_libs/zustand.mjs:46:46)
      at file:///workspace/.vercel/output/functions/__server.func/_ssr/router-DC5DHxhE2.mjs:260:20
      at ModuleJob.run (node:internal/modules/esm/module_job:343:25)
      at async onImport.tracePromise.__proto__ (node:internal/modules/esm/loader:681:26)
      at async Promise.all (index 0)
      at async loadEntries (file:///workspace/.vercel/output/functions/__server.func/_ssr/ssr.mjs:1380:52),
  status: 500,
  statusText: undefined,
  headers: undefined,
  data: undefined,
  body: undefined,
  unhandled: true
}
TypeError: Cannot read properties of undefined (reading '0')
    at file:///workspace/.vercel/output/functions/__server.func/_ssr/router-DC5DHxhE2.mjs:262:11
    ... 8 lines matching cause stack trace ...
    at async loadEntries (file:///workspace/.vercel/output/functions/__server.func/_ssr/ssr.mjs:1380:52) {
  cause: TypeError: Cannot read properties of undefined (reading '0')
      at file:///workspace/.vercel/output/functions/__server.func/_ssr/router-DC5DHxhE2.mjs:262:11
      at createStoreImpl (file:///workspace/.vercel/output/functions/__server.func/_libs/zustand.mjs:28:31)
      at createStore (file:///workspace/.vercel/output/functions/__server.func/_libs/zustand.mjs:31:51)
      at createImpl (file:///workspace/.vercel/output/functions/__server.func/_libs/zustand.mjs:41:14)
      at create (file:///workspace/.vercel/output/functions/__server.func/_libs/zustand.mjs:46:46)
      at file:///workspace/.vercel/output/functions/__server.func/_ssr/router-DC5DHxhE2.mjs:260:20
      at ModuleJob.run (node:internal/modules/esm/module_job:343:25)
      at async onImport.tracePromise.__proto__ (node:internal/modules/esm/loader:681:26)
      at async Promise.all (index 0)
      at async loadEntries (file:///workspace/.vercel/output/functions/__server.func/_ssr/ssr.mjs:1380:52),
  status: 500,
  statusText: undefined,
  headers: undefined,
  data: undefined,
  body: undefined,
  unhandled: true
}
TypeError: Cannot read properties of undefined (reading '0')
    at file:///workspace/.vercel/output/functions/__server.func/_ssr/router-DC5DHxhE2.mjs:262:11
    ... 8 lines matching cause stack trace ...
    at async loadEntries (file:///workspace/.vercel/output/functions/__server.func/_ssr/ssr.mjs:1380:52) {
  cause: TypeError: Cannot read properties of undefined (reading '0')
      at file:///workspace/.vercel/output/functions/__server.func/_ssr/router-DC5DHxhE2.mjs:262:11
      at createStoreImpl (file:///workspace/.vercel/output/functions/__server.func/_libs/zustand.mjs:28:31)
      at createStore (file:///workspace/.vercel/output/functions/__server.func/_libs/zustand.mjs:31:51)
      at createImpl (file:///workspace/.vercel/output/functions/__server.func/_libs/zustand.mjs:41:14)
      at create (file:///workspace/.vercel/output/functions/__server.func/_libs/zustand.mjs:46:46)
      at file:///workspace/.vercel/output/functions/__server.func/_ssr/router-DC5DHxhE2.mjs:260:20
      at ModuleJob.run (node:internal/modules/esm/module_job:343:25)
      at async onImport.tracePromise.__proto__ (node:internal/modules/esm/loader:681:26)
      at async Promise.all (index 0)
      at async loadEntries (file:///workspace/.vercel/output/functions/__server.func/_ssr/ssr.mjs:1380:52),
  status: 500,
  statusText: undefined,
  headers: undefined,
  data: undefined,
  body: undefined,
  unhandled: true
}
TypeError: Cannot read properties of undefined (reading '0')
    at file:///workspace/.vercel/output/functions/__server.func/_ssr/router-DC5DHxhE2.mjs:262:11
    ... 8 lines matching cause stack trace ...
    at async loadEntries (file:///workspace/.vercel/output/functions/__server.func/_ssr/ssr.mjs:1380:52) {
  cause: TypeError: Cannot read properties of undefined (reading '0')
      at file:///workspace/.vercel/output/functions/__server.func/_ssr/router-DC5DHxhE2.mjs:262:11
      at createStoreImpl (file:///workspace/.vercel/output/functions/__server.func/_libs/zustand.mjs:28:31)
      at createStore (file:///workspace/.vercel/output/functions/__server.func/_libs/zustand.mjs:31:51)
      at createImpl (file:///workspace/.vercel/output/functions/__server.func/_libs/zustand.mjs:41:14)
      at create (file:///workspace/.vercel/output/functions/__server.func/_libs/zustand.mjs:46:46)
      at file:///workspace/.vercel/output/functions/__server.func/_ssr/router-DC5DHxhE2.mjs:260:20
      at ModuleJob.run (node:internal/modules/esm/module_job:343:25)
      at async onImport.tracePromise.__proto__ (node:internal/modules/esm/loader:681:26)
      at async Promise.all (index 0)
      at async loadEntries (file:///workspace/.vercel/output/functions/__server.func/_ssr/ssr.mjs:1380:52),
  status: 500,
  statusText: undefined,
  headers: undefined,
  data: undefined,
  body: undefined,
  unhandled: true
}
TypeError: Cannot read properties of undefined (reading '0')
    at file:///workspace/.vercel/output/functions/__server.func/_ssr/router-DC5DHxhE2.mjs:262:11
    ... 8 lines matching cause stack trace ...
    at async loadEntries (file:///workspace/.vercel/output/functions/__server.func/_ssr/ssr.mjs:1380:52) {
  cause: TypeError: Cannot read properties of undefined (reading '0')
      at file:///workspace/.vercel/output/functions/__server.func/_ssr/router-DC5DHxhE2.mjs:262:11
      at createStoreImpl (file:///workspace/.vercel/output/functions/__server.func/_libs/zustand.mjs:28:31)
      at createStore (file:///workspace/.vercel/output/functions/__server.func/_libs/zustand.mjs:31:51)
      at createImpl (file:///workspace/.vercel/output/functions/__server.func/_libs/zustand.mjs:41:14)
      at create (file:///workspace/.vercel/output/functions/__server.func/_libs/zustand.mjs:46:46)
      at file:///workspace/.vercel/output/functions/__server.func/_ssr/router-DC5DHxhE2.mjs:260:20
      at ModuleJob.run (node:internal/modules/esm/module_job:343:25)
      at async onImport.tracePromise.__proto__ (node:internal/modules/esm/loader:681:26)
      at async Promise.all (index 0)
      at async loadEntries (file:///workspace/.vercel/output/functions/__server.func/_ssr/ssr.mjs:1380:52),
  status: 500,
  statusText: undefined,
  headers: undefined,
  data: undefined,
  body: undefined,
  unhandled: true
}
TypeError: Cannot read properties of undefined (reading '0')
    at file:///workspace/.vercel/output/functions/__server.func/_ssr/router-DC5DHxhE2.mjs:262:11
    ... 8 lines matching cause stack trace ...
    at async loadEntries (file:///workspace/.vercel/output/functions/__server.func/_ssr/ssr.mjs:1380:52) {
  cause: TypeError: Cannot read properties of undefined (reading '0')
      at file:///workspace/.vercel/output/functions/__server.func/_ssr/router-DC5DHxhE2.mjs:262:11
      at createStoreImpl (file:///workspace/.vercel/output/functions/__server.func/_libs/zustand.mjs:28:31)
      at createStore (file:///workspace/.vercel/output/functions/__server.func/_libs/zustand.mjs:31:51)
      at createImpl (file:///workspace/.vercel/output/functions/__server.func/_libs/zustand.mjs:41:14)
      at create (file:///workspace/.vercel/output/functions/__server.func/_libs/zustand.mjs:46:46)
      at file:///workspace/.vercel/output/functions/__server.func/_ssr/router-DC5DHxhE2.mjs:260:20
      at ModuleJob.run (node:internal/modules/esm/module_job:343:25)
      at async onImport.tracePromise.__proto__ (node:internal/modules/esm/loader:681:26)
      at async Promise.all (index 0)
      at async loadEntries (file:///workspace/.vercel/output/functions/__server.func/_ssr/ssr.mjs:1380:52),
  status: 500,
  statusText: undefined,
  headers: undefined,
  data: undefined,
  body: undefined,
  unhandled: true
}
TypeError: Cannot read properties of undefined (reading '0')
    at file:///workspace/.vercel/output/functions/__server.func/_ssr/router-DC5DHxhE2.mjs:262:11
    ... 8 lines matching cause stack trace ...
    at async loadEntries (file:///workspace/.vercel/output/functions/__server.func/_ssr/ssr.mjs:1380:52) {
  cause: TypeError: Cannot read properties of undefined (reading '0')
      at file:///workspace/.vercel/output/functions/__server.func/_ssr/router-DC5DHxhE2.mjs:262:11
      at createStoreImpl (file:///workspace/.vercel/output/functions/__server.func/_libs/zustand.mjs:28:31)
      at createStore (file:///workspace/.vercel/output/functions/__server.func/_libs/zustand.mjs:31:51)
      at createImpl (file:///workspace/.vercel/output/functions/__server.func/_libs/zustand.mjs:41:14)
      at create (file:///workspace/.vercel/output/functions/__server.func/_libs/zustand.mjs:46:46)
      at file:///workspace/.vercel/output/functions/__server.func/_ssr/router-DC5DHxhE2.mjs:260:20
      at ModuleJob.run (node:internal/modules/esm/module_job:343:25)
      at async onImport.tracePromise.__proto__ (node:internal/modules/esm/loader:681:26)
      at async Promise.all (index 0)
      at async loadEntries (file:///workspace/.vercel/output/functions/__server.func/_ssr/ssr.mjs:1380:52),
  status: 500,
  statusText: undefined,
  headers: undefined,
  data: undefined,
  body: undefined,
  unhandled: true
}
TypeError: Cannot read properties of undefined (reading '0')
    at file:///workspace/.vercel/output/functions/__server.func/_ssr/router-DC5DHxhE2.mjs:262:11
    ... 8 lines matching cause stack trace ...
    at async loadEntries (file:///workspace/.vercel/output/functions/__server.func/_ssr/ssr.mjs:1380:52) {
  cause: TypeError: Cannot read properties of undefined (reading '0')
      at file:///workspace/.vercel/output/functions/__server.func/_ssr/router-DC5DHxhE2.mjs:262:11
      at createStoreImpl (file:///workspace/.vercel/output/functions/__server.func/_libs/zustand.mjs:28:31)
      at createStore (file:///workspace/.vercel/output/functions/__server.func/_libs/zustand.mjs:31:51)
      at createImpl (file:///workspace/.vercel/output/functions/__server.func/_libs/zustand.mjs:41:14)
      at create (file:///workspace/.vercel/output/functions/__server.func/_libs/zustand.mjs:46:46)
      at file:///workspace/.vercel/output/functions/__server.func/_ssr/router-DC5DHxhE2.mjs:260:20
      at ModuleJob.run (node:internal/modules/esm/module_job:343:25)
      at async onImport.tracePromise.__proto__ (node:internal/modules/esm/loader:681:26)
      at async Promise.all (index 0)
      at async loadEntries (file:///workspace/.vercel/output/functions/__server.func/_ssr/ssr.mjs:1380:52),
  status: 500,
  statusText: undefined,
  headers: undefined,
  data: undefined,
  body: undefined,
  unhandled: true
}
TypeError: Cannot read properties of undefined (reading '0')
    at file:///workspace/.vercel/output/functions/__server.func/_ssr/router-DC5DHxhE2.mjs:262:11
    ... 8 lines matching cause stack trace ...
    at async loadEntries (file:///workspace/.vercel/output/functions/__server.func/_ssr/ssr.mjs:1380:52) {
  cause: TypeError: Cannot read properties of undefined (reading '0')
      at file:///workspace/.vercel/output/functions/__server.func/_ssr/router-DC5DHxhE2.mjs:262:11
      at createStoreImpl (file:///workspace/.vercel/output/functions/__server.func/_libs/zustand.mjs:28:31)
      at createStore (file:///workspace/.vercel/output/functions/__server.func/_libs/zustand.mjs:31:51)
      at createImpl (file:///workspace/.vercel/output/functions/__server.func/_libs/zustand.mjs:41:14)
      at create (file:///workspace/.vercel/output/functions/__server.func/_libs/zustand.mjs:46:46)
      at file:///workspace/.vercel/output/functions/__server.func/_ssr/router-DC5DHxhE2.mjs:260:20
      at ModuleJob.run (node:internal/modules/esm/module_job:343:25)
      at async onImport.tracePromise.__proto__ (node:internal/modules/esm/loader:681:26)
      at async Promise.all (index 0)
      at async loadEntries (file:///workspace/.vercel/output/functions/__server.func/_ssr/ssr.mjs:1380:52),
  status: 500,
  statusText: undefined,
  headers: undefined,
  data: undefined,
  body: undefined,
  unhandled: true
}
TypeError: Cannot read properties of undefined (reading '0')
    at file:///workspace/.vercel/output/functions/__server.func/_ssr/router-DC5DHxhE2.mjs:262:11
    ... 8 lines matching cause stack trace ...
    at async loadEntries (file:///workspace/.vercel/output/functions/__server.func/_ssr/ssr.mjs:1380:52) {
  cause: TypeError: Cannot read properties of undefined (reading '0')
      at file:///workspace/.vercel/output/functions/__server.func/_ssr/router-DC5DHxhE2.mjs:262:11
      at createStoreImpl (file:///workspace/.vercel/output/functions/__server.func/_libs/zustand.mjs:28:31)
      at createStore (file:///workspace/.vercel/output/functions/__server.func/_libs/zustand.mjs:31:51)
      at createImpl (file:///workspace/.vercel/output/functions/__server.func/_libs/zustand.mjs:41:14)
      at create (file:///workspace/.vercel/output/functions/__server.func/_libs/zustand.mjs:46:46)
      at file:///workspace/.vercel/output/functions/__server.func/_ssr/router-DC5DHxhE2.mjs:260:20
      at ModuleJob.run (node:internal/modules/esm/module_job:343:25)
      at async onImport.tracePromise.__proto__ (node:internal/modules/esm/loader:681:26)
      at async Promise.all (index 0)
      at async loadEntries (file:///workspace/.vercel/output/functions/__server.func/_ssr/ssr.mjs:1380:52),
  status: 500,
  statusText: undefined,
  headers: undefined,
  data: undefined,
  body: undefined,
  unhandled: true
}
TypeError: Cannot read properties of undefined (reading '0')
    at file:///workspace/.vercel/output/functions/__server.func/_ssr/router-DC5DHxhE2.mjs:262:11
    ... 8 lines matching cause stack trace ...
    at async loadEntries (file:///workspace/.vercel/output/functions/__server.func/_ssr/ssr.mjs:1380:52) {
  cause: TypeError: Cannot read properties of undefined (reading '0')
      at file:///workspace/.vercel/output/functions/__server.func/_ssr/router-DC5DHxhE2.mjs:262:11
      at createStoreImpl (file:///workspace/.vercel/output/functions/__server.func/_libs/zustand.mjs:28:31)
      at createStore (file:///workspace/.vercel/output/functions/__server.func/_libs/zustand.mjs:31:51)
      at createImpl (file:///workspace/.vercel/output/functions/__server.func/_libs/zustand.mjs:41:14)
      at create (file:///workspace/.vercel/output/functions/__server.func/_libs/zustand.mjs:46:46)
      at file:///workspace/.vercel/output/functions/__server.func/_ssr/router-DC5DHxhE2.mjs:260:20
      at ModuleJob.run (node:internal/modules/esm/module_job:343:25)
      at async onImport.tracePromise.__proto__ (node:internal/modules/esm/loader:681:26)
      at async Promise.all (index 0)
      at async loadEntries (file:///workspace/.vercel/output/functions/__server.func/_ssr/ssr.mjs:1380:52),
  status: 500,
  statusText: undefined,
  headers: undefined,
  data: undefined,
  body: undefined,
  unhandled: true
}
TypeError: Cannot read properties of undefined (reading '0')
    at file:///workspace/.vercel/output/functions/__server.func/_ssr/router-DC5DHxhE2.mjs:262:11
    ... 8 lines matching cause stack trace ...
    at async loadEntries (file:///workspace/.vercel/output/functions/__server.func/_ssr/ssr.mjs:1380:52) {
  cause: TypeError: Cannot read properties of undefined (reading '0')
      at file:///workspace/.vercel/output/functions/__server.func/_ssr/router-DC5DHxhE2.mjs:262:11
      at createStoreImpl (file:///workspace/.vercel/output/functions/__server.func/_libs/zustand.mjs:28:31)
      at createStore (file:///workspace/.vercel/output/functions/__server.func/_libs/zustand.mjs:31:51)
      at createImpl (file:///workspace/.vercel/output/functions/__server.func/_libs/zustand.mjs:41:14)
      at create (file:///workspace/.vercel/output/functions/__server.func/_libs/zustand.mjs:46:46)
      at file:///workspace/.vercel/output/functions/__server.func/_ssr/router-DC5DHxhE2.mjs:260:20
      at ModuleJob.run (node:internal/modules/esm/module_job:343:25)
      at async onImport.tracePromise.__proto__ (node:internal/modules/esm/loader:681:26)
      at async Promise.all (index 0)
      at async loadEntries (file:///workspace/.vercel/output/functions/__server.func/_ssr/ssr.mjs:1380:52),
  status: 500,
  statusText: undefined,
  headers: undefined,
  data: undefined,
  body: undefined,
  unhandled: true
}
TypeError: Cannot read properties of undefined (reading '0')
    at file:///workspace/.vercel/output/functions/__server.func/_ssr/router-DC5DHxhE2.mjs:262:11
    ... 8 lines matching cause stack trace ...
    at async loadEntries (file:///workspace/.vercel/output/functions/__server.func/_ssr/ssr.mjs:1380:52) {
  cause: TypeError: Cannot read properties of undefined (reading '0')
      at file:///workspace/.vercel/output/functions/__server.func/_ssr/router-DC5DHxhE2.mjs:262:11
      at createStoreImpl (file:///workspace/.vercel/output/functions/__server.func/_libs/zustand.mjs:28:31)
      at createStore (file:///workspace/.vercel/output/functions/__server.func/_libs/zustand.mjs:31:51)
      at createImpl (file:///workspace/.vercel/output/functions/__server.func/_libs/zustand.mjs:41:14)
      at create (file:///workspace/.vercel/output/functions/__server.func/_libs/zustand.mjs:46:46)
      at file:///workspace/.vercel/output/functions/__server.func/_ssr/router-DC5DHxhE2.mjs:260:20
      at ModuleJob.run (node:internal/modules/esm/module_job:343:25)
      at async onImport.tracePromise.__proto__ (node:internal/modules/esm/loader:681:26)
      at async Promise.all (index 0)
      at async loadEntries (file:///workspace/.vercel/output/functions/__server.func/_ssr/ssr.mjs:1380:52),
  status: 500,
  statusText: undefined,
  headers: undefined,
  data: undefined,
  body: undefined,
  unhandled: true
}
TypeError: Cannot read properties of undefined (reading '0')
    at file:///workspace/.vercel/output/functions/__server.func/_ssr/router-DC5DHxhE2.mjs:262:11
    ... 8 lines matching cause stack trace ...
    at async loadEntries (file:///workspace/.vercel/output/functions/__server.func/_ssr/ssr.mjs:1380:52) {
  cause: TypeError: Cannot read properties of undefined (reading '0')
      at file:///workspace/.vercel/output/functions/__server.func/_ssr/router-DC5DHxhE2.mjs:262:11
      at createStoreImpl (file:///workspace/.vercel/output/functions/__server.func/_libs/zustand.mjs:28:31)
      at createStore (file:///workspace/.vercel/output/functions/__server.func/_libs/zustand.mjs:31:51)
      at createImpl (file:///workspace/.vercel/output/functions/__server.func/_libs/zustand.mjs:41:14)
      at create (file:///workspace/.vercel/output/functions/__server.func/_libs/zustand.mjs:46:46)
      at file:///workspace/.vercel/output/functions/__server.func/_ssr/router-DC5DHxhE2.mjs:260:20
      at ModuleJob.run (node:internal/modules/esm/module_job:343:25)
      at async onImport.tracePromise.__proto__ (node:internal/modules/esm/loader:681:26)
      at async Promise.all (index 0)
      at async loadEntries (file:///workspace/.vercel/output/functions/__server.func/_ssr/ssr.mjs:1380:52),
  status: 500,
  statusText: undefined,
  headers: undefined,
  data: undefined,
  body: undefined,
  unhandled: true
}
TypeError: Cannot read properties of undefined (reading '0')
    at file:///workspace/.vercel/output/functions/__server.func/_ssr/router-DC5DHxhE2.mjs:262:11
    ... 8 lines matching cause stack trace ...
    at async loadEntries (file:///workspace/.vercel/output/functions/__server.func/_ssr/ssr.mjs:1380:52) {
  cause: TypeError: Cannot read properties of undefined (reading '0')
      at file:///workspace/.vercel/output/functions/__server.func/_ssr/router-DC5DHxhE2.mjs:262:11
      at createStoreImpl (file:///workspace/.vercel/output/functions/__server.func/_libs/zustand.mjs:28:31)
      at createStore (file:///workspace/.vercel/output/functions/__server.func/_libs/zustand.mjs:31:51)
      at createImpl (file:///workspace/.vercel/output/functions/__server.func/_libs/zustand.mjs:41:14)
      at create (file:///workspace/.vercel/output/functions/__server.func/_libs/zustand.mjs:46:46)
      at file:///workspace/.vercel/output/functions/__server.func/_ssr/router-DC5DHxhE2.mjs:260:20
      at ModuleJob.run (node:internal/modules/esm/module_job:343:25)
      at async onImport.tracePromise.__proto__ (node:internal/modules/esm/loader:681:26)
      at async Promise.all (index 0)
      at async loadEntries (file:///workspace/.vercel/output/functions/__server.func/_ssr/ssr.mjs:1380:52),
  status: 500,
  statusText: undefined,
  headers: undefined,
  data: undefined,
  body: undefined,
  unhandled: true
}
TypeError: Cannot read properties of undefined (reading '0')
    at file:///workspace/.vercel/output/functions/__server.func/_ssr/router-DC5DHxhE2.mjs:262:11
    ... 8 lines matching cause stack trace ...
    at async loadEntries (file:///workspace/.vercel/output/functions/__server.func/_ssr/ssr.mjs:1380:52) {
  cause: TypeError: Cannot read properties of undefined (reading '0')
      at file:///workspace/.vercel/output/functions/__server.func/_ssr/router-DC5DHxhE2.mjs:262:11
      at createStoreImpl (file:///workspace/.vercel/output/functions/__server.func/_libs/zustand.mjs:28:31)
      at createStore (file:///workspace/.vercel/output/functions/__server.func/_libs/zustand.mjs:31:51)
      at createImpl (file:///workspace/.vercel/output/functions/__server.func/_libs/zustand.mjs:41:14)
      at create (file:///workspace/.vercel/output/functions/__server.func/_libs/zustand.mjs:46:46)
      at file:///workspace/.vercel/output/functions/__server.func/_ssr/router-DC5DHxhE2.mjs:260:20
      at ModuleJob.run (node:internal/modules/esm/module_job:343:25)
      at async onImport.tracePromise.__proto__ (node:internal/modules/esm/loader:681:26)
      at async Promise.all (index 0)
      at async loadEntries (file:///workspace/.vercel/output/functions/__server.func/_ssr/ssr.mjs:1380:52),
  status: 500,
  statusText: undefined,
  headers: undefined,
  data: undefined,
  body: undefined,
  unhandled: true
}
TypeError: Cannot read properties of undefined (reading '0')
    at file:///workspace/.vercel/output/functions/__server.func/_ssr/router-DC5DHxhE2.mjs:262:11
    ... 8 lines matching cause stack trace ...
    at async loadEntries (file:///workspace/.vercel/output/functions/__server.func/_ssr/ssr.mjs:1380:52) {
  cause: TypeError: Cannot read properties of undefined (reading '0')
      at file:///workspace/.vercel/output/functions/__server.func/_ssr/router-DC5DHxhE2.mjs:262:11
      at createStoreImpl (file:///workspace/.vercel/output/functions/__server.func/_libs/zustand.mjs:28:31)
      at createStore (file:///workspace/.vercel/output/functions/__server.func/_libs/zustand.mjs:31:51)
      at createImpl (file:///workspace/.vercel/output/functions/__server.func/_libs/zustand.mjs:41:14)
      at create (file:///workspace/.vercel/output/functions/__server.func/_libs/zustand.mjs:46:46)
      at file:///workspace/.vercel/output/functions/__server.func/_ssr/router-DC5DHxhE2.mjs:260:20
      at ModuleJob.run (node:internal/modules/esm/module_job:343:25)
      at async onImport.tracePromise.__proto__ (node:internal/modules/esm/loader:681:26)
      at async Promise.all (index 0)
      at async loadEntries (file:///workspace/.vercel/output/functions/__server.func/_ssr/ssr.mjs:1380:52),
  status: 500,
  statusText: undefined,
  headers: undefined,
  data: undefined,
  body: undefined,
  unhandled: true
}
TypeError: Cannot read properties of undefined (reading '0')
    at file:///workspace/.vercel/output/functions/__server.func/_ssr/router-DC5DHxhE2.mjs:262:11
    ... 8 lines matching cause stack trace ...
    at async loadEntries (file:///workspace/.vercel/output/functions/__server.func/_ssr/ssr.mjs:1380:52) {
  cause: TypeError: Cannot read properties of undefined (reading '0')
      at file:///workspace/.vercel/output/functions/__server.func/_ssr/router-DC5DHxhE2.mjs:262:11
      at createStoreImpl (file:///workspace/.vercel/output/functions/__server.func/_libs/zustand.mjs:28:31)
      at createStore (file:///workspace/.vercel/output/functions/__server.func/_libs/zustand.mjs:31:51)
      at createImpl (file:///workspace/.vercel/output/functions/__server.func/_libs/zustand.mjs:41:14)
      at create (file:///workspace/.vercel/output/functions/__server.func/_libs/zustand.mjs:46:46)
      at file:///workspace/.vercel/output/functions/__server.func/_ssr/router-DC5DHxhE2.mjs:260:20
      at ModuleJob.run (node:internal/modules/esm/module_job:343:25)
      at async onImport.tracePromise.__proto__ (node:internal/modules/esm/loader:681:26)
      at async Promise.all (index 0)
      at async loadEntries (file:///workspace/.vercel/output/functions/__server.func/_ssr/ssr.mjs:1380:52),
  status: 500,
  statusText: undefined,
  headers: undefined,
  data: undefined,
  body: undefined,
  unhandled: true
}
TypeError: Cannot read properties of undefined (reading '0')
    at file:///workspace/.vercel/output/functions/__server.func/_ssr/router-DC5DHxhE2.mjs:262:11
    ... 8 lines matching cause stack trace ...
    at async loadEntries (file:///workspace/.vercel/output/functions/__server.func/_ssr/ssr.mjs:1380:52) {
  cause: TypeError: Cannot read properties of undefined (reading '0')
      at file:///workspace/.vercel/output/functions/__server.func/_ssr/router-DC5DHxhE2.mjs:262:11
      at createStoreImpl (file:///workspace/.vercel/output/functions/__server.func/_libs/zustand.mjs:28:31)
      at createStore (file:///workspace/.vercel/output/functions/__server.func/_libs/zustand.mjs:31:51)
      at createImpl (file:///workspace/.vercel/output/functions/__server.func/_libs/zustand.mjs:41:14)
      at create (file:///workspace/.vercel/output/functions/__server.func/_libs/zustand.mjs:46:46)
      at file:///workspace/.vercel/output/functions/__server.func/_ssr/router-DC5DHxhE2.mjs:260:20
      at ModuleJob.run (node:internal/modules/esm/module_job:343:25)
      at async onImport.tracePromise.__proto__ (node:internal/modules/esm/loader:681:26)
      at async Promise.all (index 0)
      at async loadEntries (file:///workspace/.vercel/output/functions/__server.func/_ssr/ssr.mjs:1380:52),
  status: 500,
  statusText: undefined,
  headers: undefined,
  data: undefined,
  body: undefined,
  unhandled: true
}
TypeError: Cannot read properties of undefined (reading '0')
    at file:///workspace/.vercel/output/functions/__server.func/_ssr/router-DC5DHxhE2.mjs:262:11
    ... 8 lines matching cause stack trace ...
    at async loadEntries (file:///workspace/.vercel/output/functions/__server.func/_ssr/ssr.mjs:1380:52) {
  cause: TypeError: Cannot read properties of undefined (reading '0')
      at file:///workspace/.vercel/output/functions/__server.func/_ssr/router-DC5DHxhE2.mjs:262:11
      at createStoreImpl (file:///workspace/.vercel/output/functions/__server.func/_libs/zustand.mjs:28:31)
      at createStore (file:///workspace/.vercel/output/functions/__server.func/_libs/zustand.mjs:31:51)
      at createImpl (file:///workspace/.vercel/output/functions/__server.func/_libs/zustand.mjs:41:14)
      at create (file:///workspace/.vercel/output/functions/__server.func/_libs/zustand.mjs:46:46)
      at file:///workspace/.vercel/output/functions/__server.func/_ssr/router-DC5DHxhE2.mjs:260:20
      at ModuleJob.run (node:internal/modules/esm/module_job:343:25)
      at async onImport.tracePromise.__proto__ (node:internal/modules/esm/loader:681:26)
      at async Promise.all (index 0)
      at async loadEntries (file:///workspace/.vercel/output/functions/__server.func/_ssr/ssr.mjs:1380:52),
  status: 500,
  statusText: undefined,
  headers: undefined,
  data: undefined,
  body: undefined,
  unhandled: true
}
TypeError: Cannot read properties of undefined (reading '0')
    at file:///workspace/.vercel/output/functions/__server.func/_ssr/router-DC5DHxhE2.mjs:262:11
    ... 8 lines matching cause stack trace ...
    at async loadEntries (file:///workspace/.vercel/output/functions/__server.func/_ssr/ssr.mjs:1380:52) {
  cause: TypeError: Cannot read properties of undefined (reading '0')
      at file:///workspace/.vercel/output/functions/__server.func/_ssr/router-DC5DHxhE2.mjs:262:11
      at createStoreImpl (file:///workspace/.vercel/output/functions/__server.func/_libs/zustand.mjs:28:31)
      at createStore (file:///workspace/.vercel/output/functions/__server.func/_libs/zustand.mjs:31:51)
      at createImpl (file:///workspace/.vercel/output/functions/__server.func/_libs/zustand.mjs:41:14)
      at create (file:///workspace/.vercel/output/functions/__server.func/_libs/zustand.mjs:46:46)
      at file:///workspace/.vercel/output/functions/__server.func/_ssr/router-DC5DHxhE2.mjs:260:20
      at ModuleJob.run (node:internal/modules/esm/module_job:343:25)
      at async onImport.tracePromise.__proto__ (node:internal/modules/esm/loader:681:26)
      at async Promise.all (index 0)
      at async loadEntries (file:///workspace/.vercel/output/functions/__server.func/_ssr/ssr.mjs:1380:52),
  status: 500,
  statusText: undefined,
  headers: undefined,
  data: undefined,
  body: undefined,
  unhandled: true
}
TypeError: Cannot read properties of undefined (reading '0')
    at file:///workspace/.vercel/output/functions/__server.func/_ssr/router-DC5DHxhE2.mjs:262:11
    ... 8 lines matching cause stack trace ...
    at async loadEntries (file:///workspace/.vercel/output/functions/__server.func/_ssr/ssr.mjs:1380:52) {
  cause: TypeError: Cannot read properties of undefined (reading '0')
      at file:///workspace/.vercel/output/functions/__server.func/_ssr/router-DC5DHxhE2.mjs:262:11
      at createStoreImpl (file:///workspace/.vercel/output/functions/__server.func/_libs/zustand.mjs:28:31)
      at createStore (file:///workspace/.vercel/output/functions/__server.func/_libs/zustand.mjs:31:51)
      at createImpl (file:///workspace/.vercel/output/functions/__server.func/_libs/zustand.mjs:41:14)
      at create (file:///workspace/.vercel/output/functions/__server.func/_libs/zustand.mjs:46:46)
      at file:///workspace/.vercel/output/functions/__server.func/_ssr/router-DC5DHxhE2.mjs:260:20
      at ModuleJob.run (node:internal/modules/esm/module_job:343:25)
      at async onImport.tracePromise.__proto__ (node:internal/modules/esm/loader:681:26)
      at async Promise.all (index 0)
      at async loadEntries (file:///workspace/.vercel/output/functions/__server.func/_ssr/ssr.mjs:1380:52),
  status: 500,
  statusText: undefined,
  headers: undefined,
  data: undefined,
  body: undefined,
  unhandled: true
}
TypeError: Cannot read properties of undefined (reading '0')
    at file:///workspace/.vercel/output/functions/__server.func/_ssr/router-DC5DHxhE2.mjs:262:11
    ... 8 lines matching cause stack trace ...
    at async loadEntries (file:///workspace/.vercel/output/functions/__server.func/_ssr/ssr.mjs:1380:52) {
  cause: TypeError: Cannot read properties of undefined (reading '0')
      at file:///workspace/.vercel/output/functions/__server.func/_ssr/router-DC5DHxhE2.mjs:262:11
      at createStoreImpl (file:///workspace/.vercel/output/functions/__server.func/_libs/zustand.mjs:28:31)
      at createStore (file:///workspace/.vercel/output/functions/__server.func/_libs/zustand.mjs:31:51)
      at createImpl (file:///workspace/.vercel/output/functions/__server.func/_libs/zustand.mjs:41:14)
      at create (file:///workspace/.vercel/output/functions/__server.func/_libs/zustand.mjs:46:46)
      at file:///workspace/.vercel/output/functions/__server.func/_ssr/router-DC5DHxhE2.mjs:260:20
      at ModuleJob.run (node:internal/modules/esm/module_job:343:25)
      at async onImport.tracePromise.__proto__ (node:internal/modules/esm/loader:681:26)
      at async Promise.all (index 0)
      at async loadEntries (file:///workspace/.vercel/output/functions/__server.func/_ssr/ssr.mjs:1380:52),
  status: 500,
  statusText: undefined,
  headers: undefined,
  data: undefined,
  body: undefined,
  unhandled: true
}
TypeError: Cannot read properties of undefined (reading '0')
    at file:///workspace/.vercel/output/functions/__server.func/_ssr/router-DC5DHxhE2.mjs:262:11
    ... 8 lines matching cause stack trace ...
    at async loadEntries (file:///workspace/.vercel/output/functions/__server.func/_ssr/ssr.mjs:1380:52) {
  cause: TypeError: Cannot read properties of undefined (reading '0')
      at file:///workspace/.vercel/output/functions/__server.func/_ssr/router-DC5DHxhE2.mjs:262:11
      at createStoreImpl (file:///workspace/.vercel/output/functions/__server.func/_libs/zustand.mjs:28:31)
      at createStore (file:///workspace/.vercel/output/functions/__server.func/_libs/zustand.mjs:31:51)
      at createImpl (file:///workspace/.vercel/output/functions/__server.func/_libs/zustand.mjs:41:14)
      at create (file:///workspace/.vercel/output/functions/__server.func/_libs/zustand.mjs:46:46)
      at file:///workspace/.vercel/output/functions/__server.func/_ssr/router-DC5DHxhE2.mjs:260:20
      at ModuleJob.run (node:internal/modules/esm/module_job:343:25)
      at async onImport.tracePromise.__proto__ (node:internal/modules/esm/loader:681:26)
      at async Promise.all (index 0)
      at async loadEntries (file:///workspace/.vercel/output/functions/__server.func/_ssr/ssr.mjs:1380:52),
  status: 500,
  statusText: undefined,
  headers: undefined,
  data: undefined,
  body: undefined,
  unhandled: true
}
TypeError: Cannot read properties of undefined (reading '0')
    at file:///workspace/.vercel/output/functions/__server.func/_ssr/router-DC5DHxhE2.mjs:262:11
    ... 8 lines matching cause stack trace ...
    at async loadEntries (file:///workspace/.vercel/output/functions/__server.func/_ssr/ssr.mjs:1380:52) {
  cause: TypeError: Cannot read properties of undefined (reading '0')
      at file:///workspace/.vercel/output/functions/__server.func/_ssr/router-DC5DHxhE2.mjs:262:11
      at createStoreImpl (file:///workspace/.vercel/output/functions/__server.func/_libs/zustand.mjs:28:31)
      at createStore (file:///workspace/.vercel/output/functions/__server.func/_libs/zustand.mjs:31:51)
      at createImpl (file:///workspace/.vercel/output/functions/__server.func/_libs/zustand.mjs:41:14)
      at create (file:///workspace/.vercel/output/functions/__server.func/_libs/zustand.mjs:46:46)
      at file:///workspace/.vercel/output/functions/__server.func/_ssr/router-DC5DHxhE2.mjs:260:20
      at ModuleJob.run (node:internal/modules/esm/module_job:343:25)
      at async onImport.tracePromise.__proto__ (node:internal/modules/esm/loader:681:26)
      at async Promise.all (index 0)
      at async loadEntries (file:///workspace/.vercel/output/functions/__server.func/_ssr/ssr.mjs:1380:52),
  status: 500,
  statusText: undefined,
  headers: undefined,
  data: undefined,
  body: undefined,
  unhandled: true
}
TypeError: Cannot read properties of undefined (reading '0')
    at file:///workspace/.vercel/output/functions/__server.func/_ssr/router-DC5DHxhE2.mjs:262:11
    ... 8 lines matching cause stack trace ...
    at async loadEntries (file:///workspace/.vercel/output/functions/__server.func/_ssr/ssr.mjs:1380:52) {
  cause: TypeError: Cannot read properties of undefined (reading '0')
      at file:///workspace/.vercel/output/functions/__server.func/_ssr/router-DC5DHxhE2.mjs:262:11
      at createStoreImpl (file:///workspace/.vercel/output/functions/__server.func/_libs/zustand.mjs:28:31)
      at createStore (file:///workspace/.vercel/output/functions/__server.func/_libs/zustand.mjs:31:51)
      at createImpl (file:///workspace/.vercel/output/functions/__server.func/_libs/zustand.mjs:41:14)
      at create (file:///workspace/.vercel/output/functions/__server.func/_libs/zustand.mjs:46:46)
      at file:///workspace/.vercel/output/functions/__server.func/_ssr/router-DC5DHxhE2.mjs:260:20
      at ModuleJob.run (node:internal/modules/esm/module_job:343:25)
      at async onImport.tracePromise.__proto__ (node:internal/modules/esm/loader:681:26)
      at async Promise.all (index 0)
      at async loadEntries (file:///workspace/.vercel/output/functions/__server.func/_ssr/ssr.mjs:1380:52),
  status: 500,
  statusText: undefined,
  headers: undefined,
  data: undefined,
  body: undefined,
  unhandled: true
}
TypeError: Cannot read properties of undefined (reading '0')
    at file:///workspace/.vercel/output/functions/__server.func/_ssr/router-DC5DHxhE2.mjs:262:11
    ... 8 lines matching cause stack trace ...
    at async loadEntries (file:///workspace/.vercel/output/functions/__server.func/_ssr/ssr.mjs:1380:52) {
  cause: TypeError: Cannot read properties of undefined (reading '0')
      at file:///workspace/.vercel/output/functions/__server.func/_ssr/router-DC5DHxhE2.mjs:262:11
      at createStoreImpl (file:///workspace/.vercel/output/functions/__server.func/_libs/zustand.mjs:28:31)
      at createStore (file:///workspace/.vercel/output/functions/__server.func/_libs/zustand.mjs:31:51)
      at createImpl (file:///workspace/.vercel/output/functions/__server.func/_libs/zustand.mjs:41:14)
      at create (file:///workspace/.vercel/output/functions/__server.func/_libs/zustand.mjs:46:46)
      at file:///workspace/.vercel/output/functions/__server.func/_ssr/router-DC5DHxhE2.mjs:260:20
      at ModuleJob.run (node:internal/modules/esm/module_job:343:25)
      at async onImport.tracePromise.__proto__ (node:internal/modules/esm/loader:681:26)
      at async Promise.all (index 0)
      at async loadEntries (file:///workspace/.vercel/output/functions/__server.func/_ssr/ssr.mjs:1380:52),
  status: 500,
  statusText: undefined,
  headers: undefined,
  data: undefined,
  body: undefined,
  unhandled: true
}
TypeError: Cannot read properties of undefined (reading '0')
    at file:///workspace/.vercel/output/functions/__server.func/_ssr/router-DC5DHxhE2.mjs:262:11
    ... 8 lines matching cause stack trace ...
    at async loadEntries (file:///workspace/.vercel/output/functions/__server.func/_ssr/ssr.mjs:1380:52) {
  cause: TypeError: Cannot read properties of undefined (reading '0')
      at file:///workspace/.vercel/output/functions/__server.func/_ssr/router-DC5DHxhE2.mjs:262:11
      at createStoreImpl (file:///workspace/.vercel/output/functions/__server.func/_libs/zustand.mjs:28:31)
      at createStore (file:///workspace/.vercel/output/functions/__server.func/_libs/zustand.mjs:31:51)
      at createImpl (file:///workspace/.vercel/output/functions/__server.func/_libs/zustand.mjs:41:14)
      at create (file:///workspace/.vercel/output/functions/__server.func/_libs/zustand.mjs:46:46)
      at file:///workspace/.vercel/output/functions/__server.func/_ssr/router-DC5DHxhE2.mjs:260:20
      at ModuleJob.run (node:internal/modules/esm/module_job:343:25)
      at async onImport.tracePromise.__proto__ (node:internal/modules/esm/loader:681:26)
      at async Promise.all (index 0)
      at async loadEntries (file:///workspace/.vercel/output/functions/__server.func/_ssr/ssr.mjs:1380:52),
  status: 500,
  statusText: undefined,
  headers: undefined,
  data: undefined,
  body: undefined,
  unhandled: true
}
TypeError: Cannot read properties of undefined (reading '0')
    at file:///workspace/.vercel/output/functions/__server.func/_ssr/router-DC5DHxhE2.mjs:262:11
    ... 8 lines matching cause stack trace ...
    at async loadEntries (file:///workspace/.vercel/output/functions/__server.func/_ssr/ssr.mjs:1380:52) {
  cause: TypeError: Cannot read properties of undefined (reading '0')
      at file:///workspace/.vercel/output/functions/__server.func/_ssr/router-DC5DHxhE2.mjs:262:11
      at createStoreImpl (file:///workspace/.vercel/output/functions/__server.func/_libs/zustand.mjs:28:31)
      at createStore (file:///workspace/.vercel/output/functions/__server.func/_libs/zustand.mjs:31:51)
      at createImpl (file:///workspace/.vercel/output/functions/__server.func/_libs/zustand.mjs:41:14)
      at create (file:///workspace/.vercel/output/functions/__server.func/_libs/zustand.mjs:46:46)
      at file:///workspace/.vercel/output/functions/__server.func/_ssr/router-DC5DHxhE2.mjs:260:20
      at ModuleJob.run (node:internal/modules/esm/module_job:343:25)
      at async onImport.tracePromise.__proto__ (node:internal/modules/esm/loader:681:26)
      at async Promise.all (index 0)
      at async loadEntries (file:///workspace/.vercel/output/functions/__server.func/_ssr/ssr.mjs:1380:52),
  status: 500,
  statusText: undefined,
  headers: undefined,
  data: undefined,
  body: undefined,
  unhandled: true
}
TypeError: Cannot read properties of undefined (reading '0')
    at file:///workspace/.vercel/output/functions/__server.func/_ssr/router-DC5DHxhE2.mjs:262:11
    ... 8 lines matching cause stack trace ...
    at async loadEntries (file:///workspace/.vercel/output/functions/__server.func/_ssr/ssr.mjs:1380:52) {
  cause: TypeError: Cannot read properties of undefined (reading '0')
      at file:///workspace/.vercel/output/functions/__server.func/_ssr/router-DC5DHxhE2.mjs:262:11
      at createStoreImpl (file:///workspace/.vercel/output/functions/__server.func/_libs/zustand.mjs:28:31)
      at createStore (file:///workspace/.vercel/output/functions/__server.func/_libs/zustand.mjs:31:51)
      at createImpl (file:///workspace/.vercel/output/functions/__server.func/_libs/zustand.mjs:41:14)
      at create (file:///workspace/.vercel/output/functions/__server.func/_libs/zustand.mjs:46:46)
      at file:///workspace/.vercel/output/functions/__server.func/_ssr/router-DC5DHxhE2.mjs:260:20
      at ModuleJob.run (node:internal/modules/esm/module_job:343:25)
      at async onImport.tracePromise.__proto__ (node:internal/modules/esm/loader:681:26)
      at async Promise.all (index 0)
      at async loadEntries (file:///workspace/.vercel/output/functions/__server.func/_ssr/ssr.mjs:1380:52),
  status: 500,
  statusText: undefined,
  headers: undefined,
  data: undefined,
  body: undefined,
  unhandled: true
}
TypeError: Cannot read properties of undefined (reading '0')
    at file:///workspace/.vercel/output/functions/__server.func/_ssr/router-DC5DHxhE2.mjs:262:11
    ... 8 lines matching cause stack trace ...
    at async loadEntries (file:///workspace/.vercel/output/functions/__server.func/_ssr/ssr.mjs:1380:52) {
  cause: TypeError: Cannot read properties of undefined (reading '0')
      at file:///workspace/.vercel/output/functions/__server.func/_ssr/router-DC5DHxhE2.mjs:262:11
      at createStoreImpl (file:///workspace/.vercel/output/functions/__server.func/_libs/zustand.mjs:28:31)
      at createStore (file:///workspace/.vercel/output/functions/__server.func/_libs/zustand.mjs:31:51)
      at createImpl (file:///workspace/.vercel/output/functions/__server.func/_libs/zustand.mjs:41:14)
      at create (file:///workspace/.vercel/output/functions/__server.func/_libs/zustand.mjs:46:46)
      at file:///workspace/.vercel/output/functions/__server.func/_ssr/router-DC5DHxhE2.mjs:260:20
      at ModuleJob.run (node:internal/modules/esm/module_job:343:25)
      at async onImport.tracePromise.__proto__ (node:internal/modules/esm/loader:681:26)
      at async Promise.all (index 0)
      at async loadEntries (file:///workspace/.vercel/output/functions/__server.func/_ssr/ssr.mjs:1380:52),
  status: 500,
  statusText: undefined,
  headers: undefined,
  data: undefined,
  body: undefined,
  unhandled: true
}
TypeError: Cannot read properties of undefined (reading '0')
    at file:///workspace/.vercel/output/functions/__server.func/_ssr/router-DC5DHxhE2.mjs:262:11
    ... 8 lines matching cause stack trace ...
    at async loadEntries (file:///workspace/.vercel/output/functions/__server.func/_ssr/ssr.mjs:1380:52) {
  cause: TypeError: Cannot read properties of undefined (reading '0')
      at file:///workspace/.vercel/output/functions/__server.func/_ssr/router-DC5DHxhE2.mjs:262:11
      at createStoreImpl (file:///workspace/.vercel/output/functions/__server.func/_libs/zustand.mjs:28:31)
      at createStore (file:///workspace/.vercel/output/functions/__server.func/_libs/zustand.mjs:31:51)
      at createImpl (file:///workspace/.vercel/output/functions/__server.func/_libs/zustand.mjs:41:14)
      at create (file:///workspace/.vercel/output/functions/__server.func/_libs/zustand.mjs:46:46)
      at file:///workspace/.vercel/output/functions/__server.func/_ssr/router-DC5DHxhE2.mjs:260:20
      at ModuleJob.run (node:internal/modules/esm/module_job:343:25)
      at async onImport.tracePromise.__proto__ (node:internal/modules/esm/loader:681:26)
      at async Promise.all (index 0)
      at async loadEntries (file:///workspace/.vercel/output/functions/__server.func/_ssr/ssr.mjs:1380:52),
  status: 500,
  statusText: undefined,
  headers: undefined,
  data: undefined,
  body: undefined,
  unhandled: true
}
TypeError: Cannot read properties of undefined (reading '0')
    at file:///workspace/.vercel/output/functions/__server.func/_ssr/router-DC5DHxhE2.mjs:262:11
    ... 8 lines matching cause stack trace ...
    at async loadEntries (file:///workspace/.vercel/output/functions/__server.func/_ssr/ssr.mjs:1380:52) {
  cause: TypeError: Cannot read properties of undefined (reading '0')
      at file:///workspace/.vercel/output/functions/__server.func/_ssr/router-DC5DHxhE2.mjs:262:11
      at createStoreImpl (file:///workspace/.vercel/output/functions/__server.func/_libs/zustand.mjs:28:31)
      at createStore (file:///workspace/.vercel/output/functions/__server.func/_libs/zustand.mjs:31:51)
      at createImpl (file:///workspace/.vercel/output/functions/__server.func/_libs/zustand.mjs:41:14)
      at create (file:///workspace/.vercel/output/functions/__server.func/_libs/zustand.mjs:46:46)
      at file:///workspace/.vercel/output/functions/__server.func/_ssr/router-DC5DHxhE2.mjs:260:20
      at ModuleJob.run (node:internal/modules/esm/module_job:343:25)
      at async onImport.tracePromise.__proto__ (node:internal/modules/esm/loader:681:26)
      at async Promise.all (index 0)
      at async loadEntries (file:///workspace/.vercel/output/functions/__server.func/_ssr/ssr.mjs:1380:52),
  status: 500,
  statusText: undefined,
  headers: undefined,
  data: undefined,
  body: undefined,
  unhandled: true
}
TypeError: Cannot read properties of undefined (reading '0')
    at file:///workspace/.vercel/output/functions/__server.func/_ssr/router-DC5DHxhE2.mjs:262:11
    ... 8 lines matching cause stack trace ...
    at async loadEntries (file:///workspace/.vercel/output/functions/__server.func/_ssr/ssr.mjs:1380:52) {
  cause: TypeError: Cannot read properties of undefined (reading '0')
      at file:///workspace/.vercel/output/functions/__server.func/_ssr/router-DC5DHxhE2.mjs:262:11
      at createStoreImpl (file:///workspace/.vercel/output/functions/__server.func/_libs/zustand.mjs:28:31)
      at createStore (file:///workspace/.vercel/output/functions/__server.func/_libs/zustand.mjs:31:51)
      at createImpl (file:///workspace/.vercel/output/functions/__server.func/_libs/zustand.mjs:41:14)
      at create (file:///workspace/.vercel/output/functions/__server.func/_libs/zustand.mjs:46:46)
      at file:///workspace/.vercel/output/functions/__server.func/_ssr/router-DC5DHxhE2.mjs:260:20
      at ModuleJob.run (node:internal/modules/esm/module_job:343:25)
      at async onImport.tracePromise.__proto__ (node:internal/modules/esm/loader:681:26)
      at async Promise.all (index 0)
      at async loadEntries (file:///workspace/.vercel/output/functions/__server.func/_ssr/ssr.mjs:1380:52),
  status: 500,
  statusText: undefined,
  headers: undefined,
  data: undefined,
  body: undefined,
  unhandled: true
}
TypeError: Cannot read properties of undefined (reading '0')
    at file:///workspace/.vercel/output/functions/__server.func/_ssr/router-DC5DHxhE2.mjs:262:11
    ... 8 lines matching cause stack trace ...
    at async loadEntries (file:///workspace/.vercel/output/functions/__server.func/_ssr/ssr.mjs:1380:52) {
  cause: TypeError: Cannot read properties of undefined (reading '0')
      at file:///workspace/.vercel/output/functions/__server.func/_ssr/router-DC5DHxhE2.mjs:262:11
      at createStoreImpl (file:///workspace/.vercel/output/functions/__server.func/_libs/zustand.mjs:28:31)
      at createStore (file:///workspace/.vercel/output/functions/__server.func/_libs/zustand.mjs:31:51)
      at createImpl (file:///workspace/.vercel/output/functions/__server.func/_libs/zustand.mjs:41:14)
      at create (file:///workspace/.vercel/output/functions/__server.func/_libs/zustand.mjs:46:46)
      at file:///workspace/.vercel/output/functions/__server.func/_ssr/router-DC5DHxhE2.mjs:260:20
      at ModuleJob.run (node:internal/modules/esm/module_job:343:25)
      at async onImport.tracePromise.__proto__ (node:internal/modules/esm/loader:681:26)
      at async Promise.all (index 0)
      at async loadEntries (file:///workspace/.vercel/output/functions/__server.func/_ssr/ssr.mjs:1380:52),
  status: 500,
  statusText: undefined,
  headers: undefined,
  data: undefined,
  body: undefined,
  unhandled: true
}
TypeError: Cannot read properties of undefined (reading '0')
    at file:///workspace/.vercel/output/functions/__server.func/_ssr/router-DC5DHxhE2.mjs:262:11
    ... 8 lines matching cause stack trace ...
    at async loadEntries (file:///workspace/.vercel/output/functions/__server.func/_ssr/ssr.mjs:1380:52) {
  cause: TypeError: Cannot read properties of undefined (reading '0')
      at file:///workspace/.vercel/output/functions/__server.func/_ssr/router-DC5DHxhE2.mjs:262:11
      at createStoreImpl (file:///workspace/.vercel/output/functions/__server.func/_libs/zustand.mjs:28:31)
      at createStore (file:///workspace/.vercel/output/functions/__server.func/_libs/zustand.mjs:31:51)
      at createImpl (file:///workspace/.vercel/output/functions/__server.func/_libs/zustand.mjs:41:14)
      at create (file:///workspace/.vercel/output/functions/__server.func/_libs/zustand.mjs:46:46)
      at file:///workspace/.vercel/output/functions/__server.func/_ssr/router-DC5DHxhE2.mjs:260:20
      at ModuleJob.run (node:internal/modules/esm/module_job:343:25)
      at async onImport.tracePromise.__proto__ (node:internal/modules/esm/loader:681:26)
      at async Promise.all (index 0)
      at async loadEntries (file:///workspace/.vercel/output/functions/__server.func/_ssr/ssr.mjs:1380:52),
  status: 500,
  statusText: undefined,
  headers: undefined,
  data: undefined,
  body: undefined,
  unhandled: true
}
TypeError: Cannot read properties of undefined (reading '0')
    at file:///workspace/.vercel/output/functions/__server.func/_ssr/router-DC5DHxhE2.mjs:262:11
    ... 8 lines matching cause stack trace ...
    at async loadEntries (file:///workspace/.vercel/output/functions/__server.func/_ssr/ssr.mjs:1380:52) {
  cause: TypeError: Cannot read properties of undefined (reading '0')
      at file:///workspace/.vercel/output/functions/__server.func/_ssr/router-DC5DHxhE2.mjs:262:11
      at createStoreImpl (file:///workspace/.vercel/output/functions/__server.func/_libs/zustand.mjs:28:31)
      at createStore (file:///workspace/.vercel/output/functions/__server.func/_libs/zustand.mjs:31:51)
      at createImpl (file:///workspace/.vercel/output/functions/__server.func/_libs/zustand.mjs:41:14)
      at create (file:///workspace/.vercel/output/functions/__server.func/_libs/zustand.mjs:46:46)
      at file:///workspace/.vercel/output/functions/__server.func/_ssr/router-DC5DHxhE2.mjs:260:20
      at ModuleJob.run (node:internal/modules/esm/module_job:343:25)
      at async onImport.tracePromise.__proto__ (node:internal/modules/esm/loader:681:26)
      at async Promise.all (index 0)
      at async loadEntries (file:///workspace/.vercel/output/functions/__server.func/_ssr/ssr.mjs:1380:52),
  status: 500,
  statusText: undefined,
  headers: undefined,
  data: undefined,
  body: undefined,
  unhandled: true
}
TypeError: Cannot read properties of undefined (reading '0')
    at file:///workspace/.vercel/output/functions/__server.func/_ssr/router-DC5DHxhE2.mjs:262:11
    ... 8 lines matching cause stack trace ...
    at async loadEntries (file:///workspace/.vercel/output/functions/__server.func/_ssr/ssr.mjs:1380:52) {
  cause: TypeError: Cannot read properties of undefined (reading '0')
      at file:///workspace/.vercel/output/functions/__server.func/_ssr/router-DC5DHxhE2.mjs:262:11
      at createStoreImpl (file:///workspace/.vercel/output/functions/__server.func/_libs/zustand.mjs:28:31)
      at createStore (file:///workspace/.vercel/output/functions/__server.func/_libs/zustand.mjs:31:51)
      at createImpl (file:///workspace/.vercel/output/functions/__server.func/_libs/zustand.mjs:41:14)
      at create (file:///workspace/.vercel/output/functions/__server.func/_libs/zustand.mjs:46:46)
      at file:///workspace/.vercel/output/functions/__server.func/_ssr/router-DC5DHxhE2.mjs:260:20
      at ModuleJob.run (node:internal/modules/esm/module_job:343:25)
      at async onImport.tracePromise.__proto__ (node:internal/modules/esm/loader:681:26)
      at async Promise.all (index 0)
      at async loadEntries (file:///workspace/.vercel/output/functions/__server.func/_ssr/ssr.mjs:1380:52),
  status: 500,
  statusText: undefined,
  headers: undefined,
  data: undefined,
  body: undefined,
  unhandled: true
}
TypeError: Cannot read properties of undefined (reading '0')
    at file:///workspace/.vercel/output/functions/__server.func/_ssr/router-DC5DHxhE2.mjs:262:11
    ... 8 lines matching cause stack trace ...
    at async loadEntries (file:///workspace/.vercel/output/functions/__server.func/_ssr/ssr.mjs:1380:52) {
  cause: TypeError: Cannot read properties of undefined (reading '0')
      at file:///workspace/.vercel/output/functions/__server.func/_ssr/router-DC5DHxhE2.mjs:262:11
      at createStoreImpl (file:///workspace/.vercel/output/functions/__server.func/_libs/zustand.mjs:28:31)
      at createStore (file:///workspace/.vercel/output/functions/__server.func/_libs/zustand.mjs:31:51)
      at createImpl (file:///workspace/.vercel/output/functions/__server.func/_libs/zustand.mjs:41:14)
      at create (file:///workspace/.vercel/output/functions/__server.func/_libs/zustand.mjs:46:46)
      at file:///workspace/.vercel/output/functions/__server.func/_ssr/router-DC5DHxhE2.mjs:260:20
      at ModuleJob.run (node:internal/modules/esm/module_job:343:25)
      at async onImport.tracePromise.__proto__ (node:internal/modules/esm/loader:681:26)
      at async Promise.all (index 0)
      at async loadEntries (file:///workspace/.vercel/output/functions/__server.func/_ssr/ssr.mjs:1380:52),
  status: 500,
  statusText: undefined,
  headers: undefined,
  data: undefined,
  body: undefined,
  unhandled: true
}
TypeError: Cannot read properties of undefined (reading '0')
    at file:///workspace/.vercel/output/functions/__server.func/_ssr/router-DC5DHxhE2.mjs:262:11
    ... 8 lines matching cause stack trace ...
    at async loadEntries (file:///workspace/.vercel/output/functions/__server.func/_ssr/ssr.mjs:1380:52) {
  cause: TypeError: Cannot read properties of undefined (reading '0')
      at file:///workspace/.vercel/output/functions/__server.func/_ssr/router-DC5DHxhE2.mjs:262:11
      at createStoreImpl (file:///workspace/.vercel/output/functions/__server.func/_libs/zustand.mjs:28:31)
      at createStore (file:///workspace/.vercel/output/functions/__server.func/_libs/zustand.mjs:31:51)
      at createImpl (file:///workspace/.vercel/output/functions/__server.func/_libs/zustand.mjs:41:14)
      at create (file:///workspace/.vercel/output/functions/__server.func/_libs/zustand.mjs:46:46)
      at file:///workspace/.vercel/output/functions/__server.func/_ssr/router-DC5DHxhE2.mjs:260:20
      at ModuleJob.run (node:internal/modules/esm/module_job:343:25)
      at async onImport.tracePromise.__proto__ (node:internal/modules/esm/loader:681:26)
      at async Promise.all (index 0)
      at async loadEntries (file:///workspace/.vercel/output/functions/__server.func/_ssr/ssr.mjs:1380:52),
  status: 500,
  statusText: undefined,
  headers: undefined,
  data: undefined,
  body: undefined,
  unhandled: true
}
TypeError: Cannot read properties of undefined (reading '0')
    at file:///workspace/.vercel/output/functions/__server.func/_ssr/router-DC5DHxhE2.mjs:262:11
    ... 8 lines matching cause stack trace ...
    at async loadEntries (file:///workspace/.vercel/output/functions/__server.func/_ssr/ssr.mjs:1380:52) {
  cause: TypeError: Cannot read properties of undefined (reading '0')
      at file:///workspace/.vercel/output/functions/__server.func/_ssr/router-DC5DHxhE2.mjs:262:11
      at createStoreImpl (file:///workspace/.vercel/output/functions/__server.func/_libs/zustand.mjs:28:31)
      at createStore (file:///workspace/.vercel/output/functions/__server.func/_libs/zustand.mjs:31:51)
      at createImpl (file:///workspace/.vercel/output/functions/__server.func/_libs/zustand.mjs:41:14)
      at create (file:///workspace/.vercel/output/functions/__server.func/_libs/zustand.mjs:46:46)
      at file:///workspace/.vercel/output/functions/__server.func/_ssr/router-DC5DHxhE2.mjs:260:20
      at ModuleJob.run (node:internal/modules/esm/module_job:343:25)
      at async onImport.tracePromise.__proto__ (node:internal/modules/esm/loader:681:26)
      at async Promise.all (index 0)
      at async loadEntries (file:///workspace/.vercel/output/functions/__server.func/_ssr/ssr.mjs:1380:52),
  status: 500,
  statusText: undefined,
  headers: undefined,
  data: undefined,
  body: undefined,
  unhandled: true
}
TypeError: Cannot read properties of undefined (reading '0')
    at file:///workspace/.vercel/output/functions/__server.func/_ssr/router-DC5DHxhE2.mjs:262:11
    ... 8 lines matching cause stack trace ...
    at async loadEntries (file:///workspace/.vercel/output/functions/__server.func/_ssr/ssr.mjs:1380:52) {
  cause: TypeError: Cannot read properties of undefined (reading '0')
      at file:///workspace/.vercel/output/functions/__server.func/_ssr/router-DC5DHxhE2.mjs:262:11
      at createStoreImpl (file:///workspace/.vercel/output/functions/__server.func/_libs/zustand.mjs:28:31)
      at createStore (file:///workspace/.vercel/output/functions/__server.func/_libs/zustand.mjs:31:51)
      at createImpl (file:///workspace/.vercel/output/functions/__server.func/_libs/zustand.mjs:41:14)
      at create (file:///workspace/.vercel/output/functions/__server.func/_libs/zustand.mjs:46:46)
      at file:///workspace/.vercel/output/functions/__server.func/_ssr/router-DC5DHxhE2.mjs:260:20
      at ModuleJob.run (node:internal/modules/esm/module_job:343:25)
      at async onImport.tracePromise.__proto__ (node:internal/modules/esm/loader:681:26)
      at async Promise.all (index 0)
      at async loadEntries (file:///workspace/.vercel/output/functions/__server.func/_ssr/ssr.mjs:1380:52),
  status: 500,
  statusText: undefined,
  headers: undefined,
  data: undefined,
  body: undefined,
  unhandled: true
}
TypeError: Cannot read properties of undefined (reading '0')
    at file:///workspace/.vercel/output/functions/__server.func/_ssr/router-DC5DHxhE2.mjs:262:11
    ... 8 lines matching cause stack trace ...
    at async loadEntries (file:///workspace/.vercel/output/functions/__server.func/_ssr/ssr.mjs:1380:52) {
  cause: TypeError: Cannot read properties of undefined (reading '0')
      at file:///workspace/.vercel/output/functions/__server.func/_ssr/router-DC5DHxhE2.mjs:262:11
      at createStoreImpl (file:///workspace/.vercel/output/functions/__server.func/_libs/zustand.mjs:28:31)
      at createStore (file:///workspace/.vercel/output/functions/__server.func/_libs/zustand.mjs:31:51)
      at createImpl (file:///workspace/.vercel/output/functions/__server.func/_libs/zustand.mjs:41:14)
      at create (file:///workspace/.vercel/output/functions/__server.func/_libs/zustand.mjs:46:46)
      at file:///workspace/.vercel/output/functions/__server.func/_ssr/router-DC5DHxhE2.mjs:260:20
      at ModuleJob.run (node:internal/modules/esm/module_job:343:25)
      at async onImport.tracePromise.__proto__ (node:internal/modules/esm/loader:681:26)
      at async Promise.all (index 0)
      at async loadEntries (file:///workspace/.vercel/output/functions/__server.func/_ssr/ssr.mjs:1380:52),
  status: 500,
  statusText: undefined,
  headers: undefined,
  data: undefined,
  body: undefined,
  unhandled: true
}
TypeError: Cannot read properties of undefined (reading '0')
    at file:///workspace/.vercel/output/functions/__server.func/_ssr/router-DC5DHxhE2.mjs:262:11
    ... 8 lines matching cause stack trace ...
    at async loadEntries (file:///workspace/.vercel/output/functions/__server.func/_ssr/ssr.mjs:1380:52) {
  cause: TypeError: Cannot read properties of undefined (reading '0')
      at file:///workspace/.vercel/output/functions/__server.func/_ssr/router-DC5DHxhE2.mjs:262:11
      at createStoreImpl (file:///workspace/.vercel/output/functions/__server.func/_libs/zustand.mjs:28:31)
      at createStore (file:///workspace/.vercel/output/functions/__server.func/_libs/zustand.mjs:31:51)
      at createImpl (file:///workspace/.vercel/output/functions/__server.func/_libs/zustand.mjs:41:14)
      at create (file:///workspace/.vercel/output/functions/__server.func/_libs/zustand.mjs:46:46)
      at file:///workspace/.vercel/output/functions/__server.func/_ssr/router-DC5DHxhE2.mjs:260:20
      at ModuleJob.run (node:internal/modules/esm/module_job:343:25)
      at async onImport.tracePromise.__proto__ (node:internal/modules/esm/loader:681:26)
      at async Promise.all (index 0)
      at async loadEntries (file:///workspace/.vercel/output/functions/__server.func/_ssr/ssr.mjs:1380:52),
  status: 500,
  statusText: undefined,
  headers: undefined,
  data: undefined,
  body: undefined,
  unhandled: true
}
TypeError: Cannot read properties of undefined (reading '0')
    at file:///workspace/.vercel/output/functions/__server.func/_ssr/router-DC5DHxhE2.mjs:262:11
    ... 8 lines matching cause stack trace ...
    at async loadEntries (file:///workspace/.vercel/output/functions/__server.func/_ssr/ssr.mjs:1380:52) {
  cause: TypeError: Cannot read properties of undefined (reading '0')
      at file:///workspace/.vercel/output/functions/__server.func/_ssr/router-DC5DHxhE2.mjs:262:11
      at createStoreImpl (file:///workspace/.vercel/output/functions/__server.func/_libs/zustand.mjs:28:31)
      at createStore (file:///workspace/.vercel/output/functions/__server.func/_libs/zustand.mjs:31:51)
      at createImpl (file:///workspace/.vercel/output/functions/__server.func/_libs/zustand.mjs:41:14)
      at create (file:///workspace/.vercel/output/functions/__server.func/_libs/zustand.mjs:46:46)
      at file:///workspace/.vercel/output/functions/__server.func/_ssr/router-DC5DHxhE2.mjs:260:20
      at ModuleJob.run (node:internal/modules/esm/module_job:343:25)
      at async onImport.tracePromise.__proto__ (node:internal/modules/esm/loader:681:26)
      at async Promise.all (index 0)
      at async loadEntries (file:///workspace/.vercel/output/functions/__server.func/_ssr/ssr.mjs:1380:52),
  status: 500,
  statusText: undefined,
  headers: undefined,
  data: undefined,
  body: undefined,
  unhandled: true
}
TypeError: Cannot read properties of undefined (reading '0')
    at file:///workspace/.vercel/output/functions/__server.func/_ssr/router-DC5DHxhE2.mjs:262:11
    ... 8 lines matching cause stack trace ...
    at async loadEntries (file:///workspace/.vercel/output/functions/__server.func/_ssr/ssr.mjs:1380:52) {
  cause: TypeError: Cannot read properties of undefined (reading '0')
      at file:///workspace/.vercel/output/functions/__server.func/_ssr/router-DC5DHxhE2.mjs:262:11
      at createStoreImpl (file:///workspace/.vercel/output/functions/__server.func/_libs/zustand.mjs:28:31)
      at createStore (file:///workspace/.vercel/output/functions/__server.func/_libs/zustand.mjs:31:51)
      at createImpl (file:///workspace/.vercel/output/functions/__server.func/_libs/zustand.mjs:41:14)
      at create (file:///workspace/.vercel/output/functions/__server.func/_libs/zustand.mjs:46:46)
      at file:///workspace/.vercel/output/functions/__server.func/_ssr/router-DC5DHxhE2.mjs:260:20
      at ModuleJob.run (node:internal/modules/esm/module_job:343:25)
      at async onImport.tracePromise.__proto__ (node:internal/modules/esm/loader:681:26)
      at async Promise.all (index 0)
      at async loadEntries (file:///workspace/.vercel/output/functions/__server.func/_ssr/ssr.mjs:1380:52),
  status: 500,
  statusText: undefined,
  headers: undefined,
  data: undefined,
  body: undefined,
  unhandled: true
}
TypeError: Cannot read properties of undefined (reading '0')
    at file:///workspace/.vercel/output/functions/__server.func/_ssr/router-DC5DHxhE2.mjs:262:11
    ... 8 lines matching cause stack trace ...
    at async loadEntries (file:///workspace/.vercel/output/functions/__server.func/_ssr/ssr.mjs:1380:52) {
  cause: TypeError: Cannot read properties of undefined (reading '0')
      at file:///workspace/.vercel/output/functions/__server.func/_ssr/router-DC5DHxhE2.mjs:262:11
      at createStoreImpl (file:///workspace/.vercel/output/functions/__server.func/_libs/zustand.mjs:28:31)
      at createStore (file:///workspace/.vercel/output/functions/__server.func/_libs/zustand.mjs:31:51)
      at createImpl (file:///workspace/.vercel/output/functions/__server.func/_libs/zustand.mjs:41:14)
      at create (file:///workspace/.vercel/output/functions/__server.func/_libs/zustand.mjs:46:46)
      at file:///workspace/.vercel/output/functions/__server.func/_ssr/router-DC5DHxhE2.mjs:260:20
      at ModuleJob.run (node:internal/modules/esm/module_job:343:25)
      at async onImport.tracePromise.__proto__ (node:internal/modules/esm/loader:681:26)
      at async Promise.all (index 0)
      at async loadEntries (file:///workspace/.vercel/output/functions/__server.func/_ssr/ssr.mjs:1380:52),
  status: 500,
  statusText: undefined,
  headers: undefined,
  data: undefined,
  body: undefined,
  unhandled: true
}
TypeError: Cannot read properties of undefined (reading '0')
    at file:///workspace/.vercel/output/functions/__server.func/_ssr/router-DC5DHxhE2.mjs:262:11
    ... 8 lines matching cause stack trace ...
    at async loadEntries (file:///workspace/.vercel/output/functions/__server.func/_ssr/ssr.mjs:1380:52) {
  cause: TypeError: Cannot read properties of undefined (reading '0')
      at file:///workspace/.vercel/output/functions/__server.func/_ssr/router-DC5DHxhE2.mjs:262:11
      at createStoreImpl (file:///workspace/.vercel/output/functions/__server.func/_libs/zustand.mjs:28:31)
      at createStore (file:///workspace/.vercel/output/functions/__server.func/_libs/zustand.mjs:31:51)
      at createImpl (file:///workspace/.vercel/output/functions/__server.func/_libs/zustand.mjs:41:14)
      at create (file:///workspace/.vercel/output/functions/__server.func/_libs/zustand.mjs:46:46)
      at file:///workspace/.vercel/output/functions/__server.func/_ssr/router-DC5DHxhE2.mjs:260:20
      at ModuleJob.run (node:internal/modules/esm/module_job:343:25)
      at async onImport.tracePromise.__proto__ (node:internal/modules/esm/loader:681:26)
      at async Promise.all (index 0)
      at async loadEntries (file:///workspace/.vercel/output/functions/__server.func/_ssr/ssr.mjs:1380:52),
  status: 500,
  statusText: undefined,
  headers: undefined,
  data: undefined,
  body: undefined,
  unhandled: true
}
TypeError: Cannot read properties of undefined (reading '0')
    at file:///workspace/.vercel/output/functions/__server.func/_ssr/router-DC5DHxhE2.mjs:262:11
    ... 8 lines matching cause stack trace ...
    at async loadEntries (file:///workspace/.vercel/output/functions/__server.func/_ssr/ssr.mjs:1380:52) {
  cause: TypeError: Cannot read properties of undefined (reading '0')
      at file:///workspace/.vercel/output/functions/__server.func/_ssr/router-DC5DHxhE2.mjs:262:11
      at createStoreImpl (file:///workspace/.vercel/output/functions/__server.func/_libs/zustand.mjs:28:31)
      at createStore (file:///workspace/.vercel/output/functions/__server.func/_libs/zustand.mjs:31:51)
      at createImpl (file:///workspace/.vercel/output/functions/__server.func/_libs/zustand.mjs:41:14)
      at create (file:///workspace/.vercel/output/functions/__server.func/_libs/zustand.mjs:46:46)
      at file:///workspace/.vercel/output/functions/__server.func/_ssr/router-DC5DHxhE2.mjs:260:20
      at ModuleJob.run (node:internal/modules/esm/module_job:343:25)
      at async onImport.tracePromise.__proto__ (node:internal/modules/esm/loader:681:26)
      at async Promise.all (index 0)
      at async loadEntries (file:///workspace/.vercel/output/functions/__server.func/_ssr/ssr.mjs:1380:52),
  status: 500,
  statusText: undefined,
  headers: undefined,
  data: undefined,
  body: undefined,
  unhandled: true
}

> preview
> node scripts/with-app-env.mjs vite preview


 ╭────────── [Build Info] ─────────────╮
 │                                     │
 │  - Build Directory: .vercel/output  │
 │  - Date: 9/3/2026, 12:25:58 PM      │
 │  - Nitro Version: 3.0.260610-beta   │
 │  - Nitro Preset: vercel             │
 │                                     │
 ╰─────────────────────────────────────╯

  ➜  Local:   http://127.0.0.1:8081/

> preview
> node scripts/with-app-env.mjs vite preview


 ╭────────── [Build Info] ─────────────╮
 │                                     │
 │  - Build Directory: .vercel/output  │
 │  - Date: 9/3/2026, 12:32:43 PM      │
 │  - Nitro Version: 3.0.260610-beta   │
 │  - Nitro Preset: vercel             │
 │                                     │
 ╰─────────────────────────────────────╯

  ➜  Local:   http://127.0.0.1:8081/

> preview
> node scripts/with-app-env.mjs vite preview


 ╭────────── [Build Info] ─────────────╮
 │                                     │
 │  - Build Directory: .vercel/output  │
 │  - Date: 9/3/2026, 1:09:45 PM       │
 │  - Nitro Version: 3.0.260610-beta   │
 │  - Nitro Preset: vercel             │
 │                                     │
 ╰─────────────────────────────────────╯

  ➜  Local:   http://127.0.0.1:8081/

> preview
> node scripts/with-app-env.mjs vite preview


 ╭────────── [Build Info] ─────────────╮
 │                                     │
 │  - Build Directory: .vercel/output  │
 │  - Date: 9/3/2026, 7:51:25 PM       │
 │  - Nitro Version: 3.0.260610-beta   │
 │  - Nitro Preset: vercel             │
 │                                     │
 ╰─────────────────────────────────────╯

  ➜  Local:   http://127.0.0.1:8081/

> preview
> node scripts/with-app-env.mjs vite preview


 ╭────────── [Build Info] ─────────────╮
 │                                     │
 │  - Build Directory: .vercel/output  │
 │  - Date: 9/18/2026, 5:27:53 PM      │
 │  - Nitro Version: 3.0.260610-beta   │
 │  - Nitro Preset: vercel             │
 │                                     │
 ╰─────────────────────────────────────╯

  ➜  Local:   http://127.0.0.1:8081/
